weeks,event,age,logsalary,married,isfemale,hasChildren,caucasian
5,1,41,6.843980744,1,0,1,1
13,1,30,5.429074995,1,0,1,1
20,1,36,6.862835994,0,0,0,1
3,1,26,5.843073277,1,0,1,0
8,0,22,6.292216038,0,0,0,1
11,0,43,6.753924699,1,0,1,1
1,0,24,5.750585203,1,0,1,0
3,1,32,6.13070589,1,0,1,1
7,1,35,5.322621431,1,0,1,1
5,0,31,5.244997621,1,1,0,1
7,0,26,5.851788165,1,0,1,1
14,0,49,6.654751346,1,0,0,1
1,1,39,4.951892847,0,1,0,1
3,0,40,5.071849297,0,1,0,1
0,1,20,5.243735719,1,0,1,1
2,1,39,5.989508888,1,0,0,1
13,0,38,6.193053458,0,0,0,1
1,1,38,5.996842857,0,0,0,1
1,0,20,4.70836815,1,1,0,1
5,0,26,5.561966883,1,0,1,1
7,0,44,5.796195214,0,0,0,1
5,0,52,5.120343104,1,0,1,1
4,1,30,5.728867313,1,0,1,0
2,0,47,4.901608853,0,1,0,1
15,0,43,6.247408361,1,0,1,1
14,1,30,5.435070121,1,1,1,1
3,0,25,5.577394607,0,0,0,1
5,0,33,6.248497522,0,1,0,1
2,1,45,5.580028188,1,0,1,1
0,1,37,5.567111127,0,0,0,1
5,0,47,6.595597382,1,0,1,1
1,1,27,5.89485777,0,1,0,1
1,1,42,5.613402875,1,0,0,1
6,1,44,7.322718185,1,0,1,1
5,0,31,6.362001455,1,1,1,1
5,0,29,5.635696038,0,0,0,1
3,0,24,5.399809099,1,1,0,0
5,1,36,5.565373552,1,1,1,1
1,1,39,5.304603008,0,1,0,1
3,1,44,6.429691686,1,0,0,1
3,1,29,5.840391571,0,0,0,1
2,0,33,5.920478658,0,1,0,1
5,1,35,5.503952677,0,0,1,1
13,0,43,6.240370541,0,0,0,1
7,0,43,6.067801299,0,1,1,1
5,1,27,6.138472737,0,0,0,1
14,0,28,5.062516749,0,1,1,0
0,1,34,5.640421046,0,1,0,1
4,0,29,5.884592416,0,1,0,1
13,1,21,5.296213561,0,1,1,1
1,0,22,5.35509423,0,0,0,1
0,0,27,5.760492819,1,1,1,0
19,0,46,5.790425829,1,0,1,1
4,1,26,5.883428683,1,1,1,1
3,1,27,6.296925449,1,0,1,1
0,1,29,6.034240926,1,1,1,1
13,0,48,5.466951614,1,0,1,1
0,0,30,5.183849318,0,0,1,1
2,0,40,5.640365315,1,0,1,1
1,0,44,5.486661186,0,0,1,1
7,1,42,5.620517161,1,0,1,1
0,0,52,5.581280162,1,0,1,1
6,1,23,4.977166682,0,0,0,1
4,0,23,5.402846763,1,0,1,1
2,0,25,5.175153765,1,0,1,0
6,1,50,6.706074051,1,0,0,1
1,1,28,6.268731022,0,0,0,1
2,0,30,5.125228867,0,0,0,1
27,0,27,5.537669255,0,1,1,0
4,1,48,5.835553245,1,1,0,1
4,1,22,5.68893589,0,0,1,1
2,0,21,4.9798957,0,0,1,1
2,0,23,5.97961659,1,0,1,1
1,0,26,5.835875163,0,0,0,1
4,1,24,5.449272438,0,1,0,1
9,0,38,4.690561878,0,0,0,0
0,0,28,5.437313674,0,0,0,1
2,0,20,5.389072294,0,0,0,1
13,0,36,5.616841598,1,0,1,1
8,0,30,7.137565526,1,0,1,1
4,0,58,5.013975701,1,1,0,1
5,0,28,5.989977113,1,1,0,1
5,1,20,5.605435645,1,0,0,1
14,1,47,5.918958586,1,0,0,1
20,0,41,5.593766228,0,1,0,0
2,1,41,5.338480227,0,0,0,0
4,0,46,7.422014102,1,0,1,1
1,1,54,6.983612753,1,0,0,1
7,0,32,5.940141523,0,0,0,0
9,0,44,5.722548354,0,0,0,0
9,0,47,5.840021712,0,1,0,0
12,1,34,5.912128817,1,0,1,1
11,0,34,5.611412702,1,0,0,1
20,0,21,5.147841046,0,0,0,0
9,0,52,5.203678588,1,1,0,1
2,0,25,5.841482785,0,0,0,1
2,1,58,5.761362008,1,1,0,1
2,1,49,6.660176715,0,0,0,1
1,0,49,5.621195344,0,1,1,1
0,1,25,5.861486208,0,0,0,1
14,1,29,6.023988036,0,1,0,1
14,0,56,6.514567864,1,0,1,1
7,0,28,5.023694876,0,1,1,1
1,1,37,6.181260864,0,0,0,1
17,0,38,5.713813763,1,0,0,1
7,1,27,5.313094952,1,1,0,1
10,0,31,5.824633925,1,0,0,1
3,0,51,5.667756035,0,1,0,1
2,0,21,5.577550283,0,0,0,1
15,0,24,6.02894479,0,0,0,1
4,0,22,5.227069931,0,0,0,1
4,0,24,6.180225988,0,0,0,1
13,1,33,5.365629488,1,0,0,1
6,0,44,5.700681524,0,1,1,1
7,0,36,5.56676911,0,0,0,1
2,0,37,6.292077805,1,0,1,1
6,0,30,5.541282889,0,0,0,1
8,0,21,5.338221714,0,0,0,1
15,1,45,5.663626926,1,1,0,1
7,0,36,4.847651286,1,0,1,1
7,0,31,5.316457636,0,0,0,1
3,0,29,5.317659715,1,1,0,1
2,0,38,5.573589989,1,1,0,1
11,1,37,6.445592992,0,0,0,1
5,0,20,5.207869028,0,1,1,1
4,1,25,5.327832323,0,1,0,1
13,1,23,5.768030178,0,1,0,1
1,0,21,5.736247209,0,0,0,1
10,0,26,5.994110383,1,0,1,1
8,0,43,5.919321096,0,0,0,1
24,0,36,5.901783862,1,0,0,1
5,0,25,5.25943766,0,0,1,1
3,0,45,5.433423861,0,0,0,1
6,0,60,5.929423118,1,0,0,1
6,0,25,5.959958705,1,1,0,1
2,1,44,6.450375753,1,0,1,1
6,0,52,6.213004672,0,0,0,1
5,0,34,5.852276064,1,0,1,1
5,0,55,6.377882752,1,0,0,1
3,0,33,5.73548708,1,1,1,1
14,0,58,5.232572616,1,0,0,1
7,0,23,5.274950484,0,0,1,1
5,1,34,5.660230947,1,1,1,1
2,0,21,5.726940226,1,0,0,1
3,0,56,6.034954359,1,0,0,1
7,1,36,5.715543067,1,0,1,1
2,0,21,5.5107183,0,1,0,1
3,0,32,6.241336273,1,1,0,1
2,0,53,4.99799946,1,1,0,1
5,0,32,5.930920608,0,0,0,1
11,0,38,5.047545171,1,0,1,1
1,1,23,5.317983953,0,0,0,1
2,0,44,4.910341124,1,1,1,0
15,0,52,5.830886986,1,1,0,1
15,0,29,5.819717225,0,1,0,1
26,0,29,5.138891545,1,0,0,1
13,0,37,5.953587987,1,0,1,0
0,0,43,6.080063777,1,0,1,1
4,0,41,6.013000767,0,0,0,1
4,0,40,6.071783722,0,0,0,1
27,0,30,5.901737376,0,0,0,1
2,0,21,5.671347388,1,0,1,1
7,0,60,6.362895207,0,0,0,1
6,0,26,6.2219296,0,0,0,1
7,1,32,6.063708497,0,1,0,1
1,0,35,6.973126666,0,0,0,1
12,0,40,7.475691687,1,0,1,1
2,0,26,5.033535799,1,1,1,1
6,1,31,5.727197626,0,1,0,1
5,0,45,5.885945757,0,1,0,1
1,0,31,5.728158331,1,0,0,0
12,0,42,5.0443244,0,1,0,1
8,0,42,5.658239611,1,0,1,1
8,0,37,6.415380359,1,0,1,1
3,0,28,5.534022462,0,0,0,0
8,0,36,5.76781459,1,0,1,0
4,0,27,6.010152416,0,1,0,1
5,0,27,6.349129524,1,0,1,1
6,0,53,6.421997507,0,0,0,1
3,1,25,5.843624988,0,1,0,1
6,0,30,5.569648494,0,0,0,0
0,0,29,5.408336733,0,0,0,1
0,1,27,5.526971594,1,0,1,1
8,0,27,6.505391267,1,0,1,1
11,0,36,5.977864423,1,1,0,1
7,0,28,6.012603587,1,1,1,1
8,0,29,5.780213181,1,0,1,1
2,0,41,4.773844233,0,0,0,1
4,0,31,5.780322756,1,0,1,1
4,0,58,6.225497312,1,0,0,1
2,0,24,5.990614352,0,0,0,1
2,1,49,5.379304998,0,1,0,1
9,0,47,6.206397854,1,0,0,1
3,0,22,5.338669679,0,0,0,1
3,0,54,6.010745425,1,0,1,0
2,0,38,5.996379739,0,0,0,1
7,1,26,5.761085293,1,0,0,1
2,0,20,5.020254541,0,0,0,1
2,0,43,4.778829729,1,1,0,1
1,1,28,5.297642159,0,1,1,1
5,0,31,5.326870022,0,1,1,1
5,1,34,5.960419484,0,1,0,1
10,0,21,5.331857493,0,0,0,1
5,1,53,5.430517196,1,0,0,1
10,0,22,6.300805146,0,0,0,1
18,0,50,5.429494146,1,1,0,1
12,0,49,4.636598946,0,1,1,1
7,0,60,5.772900358,1,0,0,1
11,0,42,6.201533621,1,0,1,1
3,0,44,5.902901682,1,0,1,1
2,1,20,5.257426867,0,0,0,1
0,1,25,5.061449313,1,1,1,1
4,0,41,5.992749535,0,0,0,1
18,0,26,5.765725694,0,1,0,1
2,0,23,5.563289145,0,1,0,1
2,0,27,5.750519012,1,0,1,1
2,0,29,5.852740666,1,0,1,1
8,0,30,4.889507876,0,0,0,0
0,0,25,5.340617175,1,1,1,1
2,0,30,5.553246153,1,0,1,1
5,0,60,4.837904617,1,0,1,1
0,0,56,5.732101778,1,0,0,1
2,0,22,4.811947401,0,0,1,1
4,0,45,4.788833902,1,1,0,0
2,1,33,6.351075627,0,1,0,1
26,0,60,6.051906573,1,0,0,1
6,0,21,5.05696153,0,0,1,1
3,0,30,5.271792582,0,0,0,1
13,0,44,6.503115556,1,0,1,1
1,0,52,6.471404092,1,0,1,1
10,0,31,5.185119056,1,1,1,1
26,0,51,6.047947573,1,0,1,1
6,0,35,5.528203369,1,1,0,1
1,0,55,6.124909363,1,0,0,1
0,1,53,5.821753551,1,1,0,1
4,0,33,5.856825412,1,1,1,1
1,0,27,5.150008874,0,0,0,1
1,0,33,5.881778809,1,0,1,1
0,1,43,5.529325233,1,1,0,1
12,1,32,5.811524748,1,0,1,1
2,1,28,4.843524839,1,0,0,1
19,0,51,5.870043018,1,0,0,1
8,0,36,6.393792014,1,0,1,1
4,0,27,5.169250819,1,1,0,1
16,0,31,4.762718227,1,1,1,1
15,0,42,6.441406066,1,0,1,1
4,0,50,6.093463012,0,0,0,0
6,0,24,5.621396894,0,0,0,1
3,1,36,6.479164979,0,1,1,1
13,1,50,4.773623401,0,0,0,1
4,0,38,5.804651101,1,0,0,1
3,0,48,6.053905311,1,0,0,1
12,0,47,5.487494649,0,1,0,1
2,0,33,5.399768578,0,1,0,1
1,1,33,6.546566729,1,0,1,1
10,0,34,6.057420248,1,0,1,1
1,0,22,5.294553417,1,0,0,1
5,0,26,5.805802024,1,0,0,1
17,0,30,5.127597477,1,0,1,1
7,0,23,5.090352424,1,1,0,1
0,0,24,4.76034723,0,1,1,1
20,0,58,5.353433702,1,1,0,1
15,0,34,5.673017428,0,1,1,1
7,0,33,5.414231756,1,0,1,1
5,1,47,4.803686008,1,1,1,1
5,0,30,5.390936737,1,1,0,1
1,1,49,4.8497116,1,1,1,1
5,0,34,5.458475994,1,0,0,1
9,0,24,5.432690984,0,0,0,1
8,0,33,5.729389312,1,0,1,1
1,1,38,5.633560306,0,0,0,1
5,0,28,5.638654256,1,0,0,1
26,0,41,5.149777988,1,0,1,0
13,1,36,6.119293544,1,0,1,1
6,0,61,5.646589751,0,1,0,1
5,1,30,5.273370455,1,0,0,0
12,0,58,6.803428295,0,0,0,1
22,0,40,5.510683552,0,1,0,1
4,1,30,6.367636866,1,1,1,1
1,1,53,5.830072739,1,0,0,1
12,1,43,6.188402386,1,1,1,1
10,0,37,5.700308735,1,0,1,1
10,0,30,5.303081566,1,1,1,1
4,1,52,6.307029063,1,0,0,1
2,0,54,5.637251683,1,1,0,1
1,0,28,4.975132937,0,0,0,1
3,1,23,5.285115819,1,1,0,1
2,0,36,5.64517327,1,0,1,1
19,1,55,5.346905886,1,0,0,1
21,0,30,6.838890013,1,0,1,1
8,1,33,5.76614586,1,0,1,1
17,0,48,5.899681566,0,0,0,0
26,0,34,4.4182732,1,1,1,1
0,1,37,5.119073275,0,1,0,1
8,1,54,6.179688787,1,0,0,1
15,0,22,5.024276217,0,0,0,0
8,1,21,5.540992699,0,0,0,0
1,0,21,6.054234867,0,0,0,1
2,0,41,5.683979398,1,0,0,1
7,1,55,6.727919333,1,0,0,1
2,0,34,6.018223925,1,0,1,1
1,0,32,5.34141456,1,1,1,1
4,0,50,7.070588342,1,0,0,1
22,1,40,5.733104537,1,0,1,1
2,0,24,6.199694035,1,0,0,1
21,1,46,5.921523226,1,1,0,1
4,0,27,6.267610477,0,0,0,1
4,0,24,5.780115267,0,1,0,1
0,1,37,6.608272654,0,1,1,1
1,0,23,4.970551254,0,0,0,1
0,1,54,6.180556206,1,0,1,1
2,1,34,5.562057413,0,1,0,0
1,1,44,4.903984073,1,0,0,1
0,1,24,5.519962415,0,0,0,1
4,0,30,5.388634762,1,1,1,1
3,0,20,5.767921215,0,0,0,1
0,0,43,5.715222192,1,0,0,1
2,0,48,5.472253062,1,0,0,0
1,0,21,5.231957709,0,0,0,1
0,1,35,5.303825669,0,0,0,1
2,1,27,5.469098257,1,1,1,1
10,0,29,5.335955065,0,0,0,0
14,1,28,6.172757286,0,0,0,1
10,0,37,5.646174762,0,1,0,1
3,0,25,5.450286118,0,1,1,1
14,0,25,5.509247937,0,1,0,0
9,1,40,5.877202823,1,0,0,1
1,0,37,6.064997462,0,0,0,1
0,0,42,5.898811462,1,0,0,1
0,1,41,5.248092492,1,0,1,1
1,0,40,5.00381688,1,1,1,1
0,0,21,5.128121805,0,0,0,1
5,0,30,5.713001245,1,0,1,0
6,0,37,5.080053752,1,0,1,1
7,0,34,5.905011178,0,1,0,1
12,0,21,5.277978052,1,0,0,1
12,0,40,5.959637189,0,0,0,1
5,1,37,5.565250934,0,0,0,1
22,0,60,6.819230955,1,0,0,1
2,0,31,5.163840361,1,1,1,1
4,0,23,5.467554492,0,0,0,1
2,0,25,5.521380317,1,0,0,1
2,0,37,5.721431768,1,1,0,0
8,0,24,5.058625625,1,0,1,1
1,1,42,6.33403157,1,1,0,1
2,0,43,5.965755867,1,0,1,1
13,1,36,6.129544087,0,0,0,1
10,0,44,5.580476179,0,0,0,0
2,0,38,5.065250779,1,1,1,1
2,0,22,5.555466389,0,0,0,1
0,1,31,5.597426484,0,1,1,1
2,0,27,5.103377891,1,1,1,1
6,0,33,5.421219519,0,0,0,1
1,0,42,5.619339084,0,0,0,1
4,0,41,4.940769813,0,0,0,0
19,0,44,6.03235694,1,0,1,1
3,1,24,5.736591296,0,1,0,1
1,0,30,5.352320789,0,1,1,0
7,0,35,5.602741158,0,0,0,0
3,0,48,4.90728709,1,0,0,1
7,0,49,6.859582393,1,0,1,1
4,1,42,5.878308531,1,0,1,0
6,1,42,5.818720031,1,1,1,0
8,1,37,6.288758042,1,0,1,1
4,1,27,5.694367917,1,1,1,1
13,0,26,5.246250027,0,0,0,0
0,1,24,5.924479373,1,0,0,1
6,0,29,4.789398169,0,0,0,1
5,0,46,5.400720313,1,0,0,0
2,0,43,5.749670094,1,0,1,1
1,0,42,5.881716088,1,0,1,0
21,0,31,4.792217927,0,1,0,0
19,0,25,6.148088593,1,0,1,1
20,0,24,5.496960619,1,1,1,1
2,0,27,5.454178723,0,1,0,0
25,0,58,4.927664001,1,0,1,0
0,1,48,5.599171025,1,0,1,1
22,1,48,6.628915186,1,0,1,1
19,0,54,7.024946233,1,0,0,1
4,0,30,5.042043917,0,0,0,1
1,1,28,5.865759974,1,0,1,0
2,0,45,5.156657748,1,1,0,1
11,0,37,5.594966273,1,1,1,1
7,0,35,5.923506801,0,1,1,0
16,0,43,5.715674396,1,0,0,1
4,0,32,5.878747906,0,0,0,1
12,1,55,6.673999608,1,0,0,0
10,0,53,6.142889454,0,1,0,1
0,1,36,6.658562905,1,0,0,1
15,0,31,6.135731839,0,0,0,1
15,1,20,5.819882242,0,0,1,1
6,0,28,5.656414459,0,0,0,1
5,0,61,5.97928519,1,1,0,0
0,0,22,5.751903922,0,0,1,1
7,0,37,6.324086916,0,0,0,1
15,0,28,5.448012384,0,0,0,1
8,0,56,6.852165325,0,0,1,1
9,0,33,6.527225223,1,1,1,1
4,0,24,5.210718356,1,1,0,1
4,0,59,5.638103033,0,0,0,1
1,0,43,6.825152824,1,0,0,1
5,0,35,5.33253664,0,0,1,0
11,0,27,6.112514961,0,0,1,1
2,0,30,5.90432508,0,1,1,1
1,0,27,5.993724072,1,0,0,0
6,0,33,5.927163255,1,1,1,0
7,0,26,5.134931551,0,0,0,0
10,0,50,5.940902504,1,0,1,0
8,0,41,5.786120627,1,0,1,1
2,0,57,6.087113257,1,0,0,1
8,0,21,5.966974737,0,0,0,1
19,1,28,6.204592708,1,0,0,1
14,1,52,6.953887581,1,0,0,0
24,0,42,6.785492558,0,1,0,1
9,0,33,6.432797722,1,0,1,1
11,1,48,6.612679673,0,0,0,1
3,0,43,6.457937052,0,0,0,1
10,0,42,5.886008099,1,0,1,1
2,0,29,6.426285965,1,1,0,1
4,0,44,6.388020091,1,0,0,1
6,0,39,5.721469656,1,1,1,1
4,1,55,6.626230008,1,0,0,1
7,0,39,6.210254144,1,1,0,1
3,1,52,5.237228832,0,1,0,1
9,0,34,5.639638113,0,0,0,1
14,0,27,5.395912273,0,0,0,1
11,0,61,5.916734639,1,0,0,1
19,0,52,5.866878947,1,1,1,1
0,0,36,5.562140042,0,1,0,1
0,1,38,6.536996942,0,0,0,1
14,0,40,6.667868783,1,0,1,1
1,0,24,5.540510028,0,1,1,1
26,0,29,6.497943584,0,0,0,0
12,0,44,5.785616712,1,1,0,1
9,0,39,5.319324162,1,1,1,1
8,0,56,6.20890111,0,0,0,1
10,0,48,5.427267724,1,1,0,0
8,0,40,5.752688244,1,1,1,1
18,1,55,5.54815041,0,0,0,1
8,0,37,5.097215327,1,1,0,1
5,0,35,5.049202637,0,0,1,0
8,0,29,5.452691929,1,1,1,1
0,0,47,5.626686784,0,1,0,0
14,0,25,5.42765832,0,0,0,0
11,1,25,5.241476119,1,1,1,1
1,1,32,5.372751487,0,0,0,1
26,0,39,5.278156811,0,1,0,0
4,0,28,5.065681227,1,1,1,0
1,1,30,5.570744508,1,1,1,0
7,1,39,6.217218262,1,0,1,1
6,0,43,5.058534088,0,1,1,0
6,0,45,5.228044613,1,1,0,1
3,0,35,5.53026174,0,1,0,1
1,0,26,5.860663061,1,0,0,1
2,0,37,5.040653025,1,1,1,1
3,0,21,5.333560192,0,0,0,0
0,0,44,4.83224952,1,0,1,1
12,0,29,6.064300106,0,0,0,1
13,1,55,6.600220388,1,0,0,1
7,0,27,5.708979757,0,0,0,1
6,0,35,5.467981153,0,0,0,0
5,1,30,5.609022419,0,0,0,1
6,0,55,5.756558805,1,0,0,1
6,1,26,5.660377575,1,0,0,1
5,0,40,5.58890397,1,1,1,1
5,0,27,5.265126808,1,0,1,0
2,1,22,4.933041933,1,1,1,1
1,1,32,4.931737332,1,0,1,1
1,1,33,5.55953934,0,1,0,1
16,0,33,5.965866103,1,0,0,1
3,0,36,6.306097771,1,0,1,1
2,1,39,5.705222981,0,1,1,1
1,1,27,5.111120841,1,0,1,1
5,0,25,5.349830766,1,0,0,1
10,0,36,5.535070439,1,0,1,0
10,1,58,5.468766952,0,0,0,0
3,1,31,5.522188929,0,1,0,0
8,1,26,6.24126715,1,0,0,1
6,1,40,6.940642052,1,0,1,1
2,0,54,6.376687195,0,0,0,1
4,1,51,5.38261176,1,1,0,1
15,1,24,5.166394611,0,0,1,1
4,0,51,5.181288856,1,1,0,0
3,0,28,5.657774558,0,0,0,1
1,1,32,5.998690659,0,0,0,1
12,0,25,4.910409227,0,1,0,0
7,0,45,5.958321283,1,1,0,1
2,0,24,5.803516486,0,0,0,1
1,0,25,4.980465683,0,1,0,0
1,0,42,4.905581158,1,1,1,1
14,0,28,5.911634735,1,0,0,1
4,0,25,4.947741537,0,0,0,1
6,0,53,5.043827798,0,1,0,1
0,0,21,5.184838173,0,0,0,1
2,0,22,5.391987432,0,1,0,1
5,0,22,4.528375229,0,1,0,1
27,0,41,5.48307344,1,1,0,1
10,0,46,5.137756623,0,0,0,1
0,0,40,6.35845814,0,1,0,1
0,0,39,6.585216732,0,0,0,1
3,1,45,6.237215684,0,0,0,1
6,0,45,6.060909454,1,0,1,1
27,0,21,5.602540553,0,0,1,1
14,0,50,6.39281886,0,0,0,1
7,1,46,6.020103777,0,1,0,1
4,0,37,6.502327292,0,1,0,1
14,0,50,5.49598639,1,1,0,1
6,0,28,5.937003461,0,0,0,1
6,0,22,5.939425262,0,0,0,1
8,0,21,5.327691569,1,0,1,1
14,1,29,6.114751414,1,1,1,1
1,0,38,5.771785756,1,0,1,0
9,0,40,5.82212414,1,1,1,0
2,1,25,6.178951226,1,1,0,1
1,0,22,5.50715194,0,1,0,1
5,1,42,6.36524336,0,1,0,1
12,0,56,5.981333921,1,0,0,1
5,0,32,5.550640817,1,0,1,1
8,0,40,6.036591495,0,0,0,1
6,1,28,5.983763047,1,0,1,1
21,0,29,6.052284187,1,1,1,1
1,0,29,5.076560783,0,1,0,1
0,1,33,5.269829805,0,1,0,1
6,0,36,5.962879191,1,1,0,1
2,1,43,6.166385218,1,0,0,1
3,1,39,6.217496669,0,1,0,0
25,0,58,5.620689661,1,1,0,1
4,0,39,5.900087808,1,1,0,1
21,1,26,5.866359347,0,0,0,1
10,0,44,6.357607075,1,0,1,1
7,0,34,5.745760992,1,1,1,1
5,1,35,5.624952101,0,0,0,1
10,0,23,6.026691283,0,1,0,1
7,0,42,6.399242272,1,0,1,1
3,0,22,5.905785316,0,0,0,1
1,0,25,6.014025998,0,1,0,1
4,0,34,6.032522158,1,1,0,1
26,0,29,5.448309427,1,0,1,0
4,0,53,6.561377511,1,0,0,1
15,0,34,6.124474671,1,0,1,1
4,1,39,5.86378072,0,1,1,1
1,0,61,5.814501408,1,0,0,1
5,0,39,6.668333819,1,1,1,1
8,0,52,6.648216668,1,0,0,1
3,0,30,6.297970913,1,0,1,1
4,0,37,5.830144498,1,0,1,1
14,1,35,5.842834376,0,1,0,1
1,0,36,6.287727424,0,0,0,1
4,1,32,6.358159478,1,0,0,1
16,0,45,6.334964982,1,1,1,1
5,0,24,5.503133823,0,0,0,1
4,0,28,5.611142358,0,0,0,1
10,0,47,5.734519704,0,1,0,1
20,0,48,5.876387637,0,0,0,1
1,0,35,5.442583349,1,0,1,1
8,1,41,5.857344341,1,0,0,1
7,0,21,4.993124334,0,0,0,1
2,0,21,6.099948526,0,0,0,1
3,0,48,5.904640166,1,1,0,1
12,0,48,6.028535878,1,0,0,1
3,0,40,5.907882584,0,0,1,1
1,1,34,6.614145198,1,0,1,1
1,1,22,5.796779382,0,1,0,1
16,0,45,5.812327808,0,1,1,1
20,0,30,6.335246977,1,0,0,0
14,1,43,5.646264024,0,0,0,0
4,0,52,6.664544712,1,0,0,1
26,1,35,6.455371126,0,0,0,1
2,1,37,5.961255257,1,0,1,1
5,1,22,5.272562682,0,0,0,1
10,0,30,5.444507642,1,1,1,1
8,0,25,5.355475451,1,1,1,1
17,0,47,6.337870876,0,1,0,1
15,0,43,6.443343657,1,0,1,1
9,0,29,5.308014129,0,1,0,0
8,0,54,5.522581488,0,1,1,1
0,1,21,4.891814511,0,1,0,1
3,1,50,7.065821639,0,0,0,1
0,1,43,6.280048058,1,0,1,1
1,1,37,6.515604512,1,1,1,1
0,1,28,5.334119317,0,0,0,1
2,0,24,5.492956992,0,0,0,1
26,0,32,5.646987669,0,0,0,1
11,0,26,5.862740563,0,1,0,1
13,1,55,5.949358633,1,0,0,1
1,1,32,5.805804447,0,0,0,1
6,0,59,5.816580145,0,1,0,1
5,0,33,5.919401808,0,0,0,1
1,0,38,5.567266857,0,1,0,1
1,1,22,4.812255045,1,1,1,1
0,0,41,5.627075575,1,0,0,1
5,0,54,5.813311676,1,0,0,1
4,1,42,5.310743118,0,1,0,0
15,0,22,4.815525145,1,0,1,1
9,1,38,6.691486297,1,0,1,1
0,0,27,6.101067779,0,0,0,1
3,0,38,5.916698055,1,1,1,1
1,1,24,5.434519003,0,0,0,1
5,0,20,4.702223254,0,0,1,1
6,1,34,6.554121677,1,0,1,1
0,0,28,5.653533332,1,1,0,1
10,0,29,5.355102567,0,1,1,0
15,0,47,6.003295103,1,0,0,0
2,1,40,6.612977568,1,0,0,0
3,0,48,6.187885329,0,0,0,1
7,0,42,6.932043067,0,1,1,1
3,0,56,5.864567953,1,1,0,1
11,0,31,5.903063454,1,0,1,1
4,1,48,5.123569689,1,0,0,1
22,0,27,6.030406274,1,1,0,1
4,0,28,4.971393966,0,0,0,0
2,1,44,5.159210609,1,1,1,1
16,0,24,5.862623503,1,0,1,1
8,0,28,5.538463341,1,0,0,1
16,0,40,5.779917798,0,0,0,1
16,0,40,6.09229718,0,0,0,1
10,0,20,4.797239797,0,0,0,0
3,0,24,5.583909309,1,0,0,1
13,0,50,5.692604665,1,0,0,0
16,0,39,6.586776438,1,0,1,1
4,0,31,5.755677349,0,1,0,1
3,0,37,5.496636793,1,0,0,1
2,0,30,6.128828118,0,1,1,1
1,1,42,6.003190271,1,0,1,1
10,0,37,5.888243486,1,1,0,1
9,0,43,5.785159792,0,1,0,1
0,1,30,6.144385205,1,0,0,1
11,0,23,5.498762169,0,0,1,0
1,0,26,5.414492112,0,0,1,1
2,0,29,5.074409597,1,0,1,1
2,0,46,5.524046492,1,0,0,1
10,0,61,5.502112375,1,1,0,1
5,1,24,4.740380562,0,0,0,0
1,0,32,6.400094519,0,1,0,1
2,0,20,4.958642489,0,1,0,1
9,0,34,5.527922724,0,1,1,1
2,1,55,5.431901856,0,0,0,0
2,0,30,5.57893406,1,0,1,1
1,1,26,5.749299914,0,1,0,1
2,0,57,5.177623865,1,0,0,0
7,1,29,5.554381257,1,0,1,1
1,0,50,5.44384436,1,0,1,1
4,0,21,5.468515216,1,1,0,1
1,1,21,5.043742362,1,1,0,1
2,0,24,5.53412635,1,1,1,1
1,0,27,5.588389183,0,0,0,1
0,1,43,5.813208993,0,1,1,1
3,1,39,6.226826823,1,0,0,1
0,0,21,5.291727397,1,1,1,1
1,0,32,3.35827794,1,0,0,1
5,0,26,5.146681162,0,0,0,1
8,1,43,5.982334208,1,0,1,1
3,0,26,5.95643547,1,0,1,1
7,1,55,5.683742174,1,0,0,1
6,1,26,5.408250319,1,0,1,1
9,0,59,5.44275601,0,1,0,1
1,0,55,5.271202887,1,0,0,1
5,0,51,5.233223911,1,1,0,1
22,0,52,6.53342113,1,0,0,1
2,0,38,4.91750197,0,1,0,0
16,0,24,5.656149865,0,1,0,1
5,0,21,4.872282265,0,0,0,0
1,0,27,4.749816432,0,0,0,0
13,0,23,5.227549115,0,0,1,0
5,0,30,4.904059238,0,1,0,1
3,0,28,5.858179018,1,1,1,1
0,1,28,5.294266079,0,1,1,1
4,0,56,5.061881739,1,0,0,1
0,1,54,6.107232329,1,1,0,1
3,0,50,5.501053924,0,0,0,1
1,1,26,4.966678844,0,0,0,1
2,0,21,5.555701093,0,0,0,1
2,0,28,4.464998227,0,0,0,1
1,1,57,4.998933415,0,1,0,1
5,1,29,5.362545405,1,0,0,1
1,0,46,6.992539035,1,0,1,1
2,0,31,5.451679579,1,0,1,1
0,1,22,5.389790373,1,0,0,1
5,0,52,5.245376283,1,1,0,1
10,1,25,5.459806471,0,0,0,0
0,0,52,6.48333597,0,0,0,1
3,1,25,5.586856679,0,0,0,0
7,0,51,6.783992726,1,0,0,1
1,0,26,5.375556193,0,1,0,0
1,0,49,6.172048251,1,0,1,1
15,1,42,6.309200292,1,0,1,0
14,0,56,5.611414263,1,0,0,1
24,0,48,6.250354198,0,0,0,1
2,1,21,5.321640686,0,1,0,1
16,1,36,5.634622864,0,1,0,1
26,0,49,5.611550709,1,0,0,1
22,0,38,6.177649653,1,0,1,1
5,1,26,5.944589363,1,1,1,0
10,0,52,6.293054941,1,0,0,1
21,1,52,4.655878578,0,1,0,1
2,1,41,5.99804992,1,0,1,1
3,1,45,7.342857804,1,0,1,1
5,0,45,4.883274385,1,1,0,0
25,0,61,5.383425622,0,1,0,1
10,1,36,5.107504665,1,0,1,1
2,0,22,5.494181956,1,0,0,1
0,0,36,5.520118836,1,0,1,1
20,0,43,5.692967485,1,0,1,0
13,0,59,6.086871868,1,0,0,1
15,1,25,4.948852117,0,1,1,1
2,0,49,5.6278982,1,0,0,1
15,0,29,5.356058367,1,0,0,1
0,0,45,4.915238544,1,1,0,1
1,0,23,4.861871445,0,1,0,1
3,0,22,5.692152635,0,1,0,1
15,1,43,5.956937015,1,0,0,1
2,0,39,5.978745903,1,0,1,1
9,0,28,5.74909509,1,0,1,1
2,0,32,5.515133736,1,0,1,1
5,1,38,5.706746583,1,1,1,1
8,0,22,4.809729693,0,0,0,1
1,1,45,5.348038654,0,1,0,0
6,1,41,4.723655692,1,0,1,1
13,0,26,4.921180679,1,0,0,1
0,0,33,5.491815723,0,0,0,1
4,0,23,5.000502154,0,0,0,0
1,0,37,5.690797275,0,0,0,1
2,0,47,5.619939279,0,1,1,1
5,0,42,5.274798426,0,1,1,0
4,0,58,5.847900534,1,0,1,1
2,0,23,5.07956442,0,1,0,0
2,1,26,5.631684672,1,0,0,1
3,0,23,5.074330756,0,0,1,1
3,1,23,5.564670923,1,1,0,1
12,0,36,6.254675519,1,0,1,0
8,1,50,5.483628707,1,1,0,1
5,1,24,4.946833371,0,1,0,1
18,0,50,6.066252285,0,0,1,1
10,0,51,5.85317177,0,1,1,1
7,1,34,4.921034379,0,1,0,1
1,1,42,6.431612306,1,0,0,1
6,1,46,5.701582151,1,0,0,0
6,0,50,6.533908142,0,0,0,1
1,0,22,5.167105365,1,0,0,1
5,0,50,6.233474289,1,0,1,1
3,0,48,6.610071137,1,0,1,1
5,0,30,5.742783807,0,0,0,0
6,1,24,5.360171258,1,0,0,1
3,0,33,6.23333494,1,1,1,1
0,0,30,5.517909031,0,1,1,1
1,0,34,5.059422063,1,1,1,1
14,1,57,5.678235433,1,0,0,1
5,1,35,5.135971966,0,0,1,1
2,0,26,5.859186708,1,0,1,1
4,1,27,5.4724291,1,0,1,1
2,0,32,5.450383463,1,1,1,0
11,0,24,5.198197443,0,0,0,1
26,0,29,6.088667068,1,0,1,1
7,0,51,5.247903492,0,0,0,1
2,1,29,5.48294924,0,0,0,1
6,0,31,5.290925404,1,0,0,1
2,0,43,5.217345476,1,1,0,1
2,0,56,5.966644908,1,1,0,1
3,0,48,6.244537315,1,0,1,1
2,0,41,5.63750523,1,0,1,1
0,0,32,5.035250247,1,1,1,1
6,0,43,4.401889922,1,0,0,1
4,0,41,5.661682965,1,1,1,1
8,1,38,5.340595193,0,1,1,1
20,1,21,5.91665161,0,0,0,1
1,0,21,5.676326729,1,0,0,1
3,1,22,6.014745052,0,0,0,1
13,0,29,4.848723792,0,0,0,1
5,1,42,5.931744947,0,1,1,1
1,0,42,6.118411717,1,0,1,1
6,0,22,5.160336151,0,0,0,1
13,0,33,4.831406331,1,1,1,1
3,0,26,6.260208823,0,0,0,1
1,0,28,5.66293356,0,0,0,1
1,0,45,6.596033876,1,0,0,1
7,1,51,5.567500585,1,0,1,1
0,0,51,6.740366679,1,0,1,1
1,0,29,5.649172122,0,0,0,1
7,0,53,5.795599478,1,0,0,1
3,0,33,5.932526597,0,0,0,0
4,1,26,5.881598073,1,0,1,1
2,0,22,5.058386218,0,0,0,1
19,0,42,6.287909574,0,0,0,1
1,1,36,6.801607791,1,0,0,1
2,1,41,5.861318474,1,0,1,1
3,0,21,5.226907622,0,0,0,1
2,1,41,5.359272105,0,0,0,1
14,0,43,4.785130868,1,0,1,1
9,0,59,5.16481444,0,1,0,1
3,0,25,5.375299421,1,0,1,1
2,0,36,5.146883384,1,0,1,1
7,0,48,6.548386404,1,0,1,1
2,0,57,5.770189571,1,0,0,1
5,0,42,6.147291784,1,0,1,1
5,1,50,5.611628708,0,1,1,1
2,0,44,5.237125461,1,1,1,1
15,0,58,5.507151725,1,1,0,1
9,0,33,5.791281293,1,0,1,1
6,0,35,6.148159644,1,0,1,1
3,0,32,5.550707906,1,1,0,1
4,0,25,5.902418069,0,0,0,1
4,0,54,4.958776876,0,0,0,1
20,1,37,5.672212284,0,1,1,1
1,0,32,6.250032833,1,1,1,1
2,0,41,4.925417085,0,0,0,1
10,0,24,5.903344385,0,0,0,1
5,1,39,5.777318014,1,0,1,1
1,0,28,4.488843173,1,0,0,1
0,0,23,4.439732692,1,1,0,1
2,0,35,6.162043401,0,0,0,1
3,0,36,5.311107324,0,1,0,1
4,1,59,6.763157051,1,0,0,1
8,0,39,6.103088803,1,0,1,1
12,0,37,5.178763727,1,0,0,1
1,0,45,5.785565432,0,1,0,1
7,0,22,5.987797234,1,1,1,1
12,1,24,5.496853489,0,0,1,0
0,0,35,6.290879497,0,0,0,1
3,1,51,5.826251359,1,1,0,1
2,0,22,6.30925466,0,0,0,1
9,0,33,6.219749269,1,1,1,1
1,0,51,5.165376459,0,0,0,1
19,0,49,6.108206119,1,1,0,1
6,0,27,6.612424942,1,0,1,1
9,0,34,5.036760458,0,0,0,1
4,0,36,5.538997546,1,0,1,0
0,1,35,5.474137309,1,0,1,0
13,0,29,4.764727696,1,1,1,0
4,0,23,4.892073294,1,1,1,1
13,0,23,4.926099296,1,1,1,1
0,0,61,6.968558281,1,0,0,1
7,1,55,6.206721677,1,1,0,1
8,0,41,6.279824498,1,1,0,1
6,0,31,5.110339738,1,1,1,0
7,0,31,4.981532625,0,1,0,0
1,0,22,5.449086133,1,0,1,0
1,0,29,4.966945294,0,1,0,1
6,0,34,5.415113926,1,0,1,1
15,0,54,7.178845644,1,0,0,1
15,0,31,5.427711557,1,1,1,1
16,0,34,5.688449474,1,1,1,1
13,0,49,6.393088312,1,0,1,0
2,0,60,5.401839808,1,0,0,1
3,1,22,5.5597452,0,0,0,1
13,1,31,5.151708186,1,0,1,1
18,0,54,6.075412234,1,0,1,1
2,1,23,6.348736424,0,0,0,1
1,1,33,5.468977095,1,0,1,1
2,0,24,5.354768943,0,1,0,1
3,1,30,6.35478044,0,0,0,1
6,0,23,4.55326503,0,0,1,1
6,0,47,4.862265474,0,0,0,1
6,0,36,5.226247071,1,1,0,1
16,0,25,6.31045889,0,0,0,1
9,0,22,6.017033248,0,0,1,1
4,0,60,5.575788916,0,1,0,1
2,0,24,4.156077282,1,0,1,1
17,0,29,6.010630356,1,1,1,1
1,0,26,5.535279034,1,1,1,1
17,0,32,5.639636595,1,0,1,0
2,1,31,5.781964159,1,0,1,1
2,0,28,5.596404236,1,0,0,1
14,0,38,6.713103702,1,0,0,1
6,1,41,5.913991225,1,0,1,1
3,0,27,5.061999848,1,0,1,1
10,1,30,5.757465729,0,1,0,1
4,0,23,4.579231206,0,1,0,0
1,0,26,4.999478592,0,0,0,0
3,0,25,5.232630626,0,1,0,0
6,0,37,4.895945498,1,1,1,1
12,0,37,6.074641954,0,0,0,1
6,0,35,6.427427987,1,0,1,1
2,0,36,4.273690779,1,1,1,1
2,0,22,5.760153321,0,0,0,1
13,0,49,5.9438341,1,0,1,1
10,0,45,5.748983985,1,1,0,1
4,0,41,5.593312573,1,0,1,1
4,0,47,6.550108921,1,0,1,1
13,0,41,4.65168674,0,1,0,1
6,0,38,6.12051167,1,0,1,0
10,0,57,7.199768848,0,0,0,1
7,0,35,5.411960912,1,0,1,1
14,1,28,5.353108688,1,0,0,1
5,1,29,5.982362915,1,0,1,1
3,0,35,5.658225236,1,0,1,1
7,1,27,5.419829242,1,0,1,1
6,0,20,5.082166303,0,0,0,1
13,1,46,5.114492104,1,0,1,1
8,1,22,5.129723546,1,1,1,1
24,0,56,5.582558063,1,1,0,1
19,0,30,6.576835825,1,0,1,1
14,0,51,5.862593556,1,0,0,1
15,0,52,6.312040389,0,0,1,1
20,0,57,5.28265315,0,0,0,1
3,0,32,5.812292173,1,0,1,1
22,0,46,6.903182666,0,0,0,1
16,0,20,5.133437423,0,0,0,1
19,0,47,6.276999826,0,0,0,1
5,1,26,5.340567706,1,0,1,1
11,0,26,5.29163688,0,0,1,1
1,1,37,5.403300153,1,0,1,1
1,0,32,6.116409328,1,0,1,1
5,0,50,5.577457068,1,0,1,1
2,1,27,5.910951796,1,0,1,1
15,0,46,6.195217777,1,0,1,1
0,1,39,4.946316804,0,1,1,1
15,1,37,6.64419423,1,0,1,1
2,0,36,5.518666045,0,1,0,1
0,1,44,6.232172991,1,0,1,1
10,0,53,5.793108772,1,0,1,1
6,0,47,5.692547913,1,1,0,1
3,1,45,6.943537553,1,0,1,1
2,1,30,5.720154908,1,0,1,1
0,1,36,5.086340775,1,1,1,1
6,0,35,6.041633835,0,0,0,1
17,0,20,5.669495917,0,0,0,1
5,0,23,5.514032413,0,0,0,1
12,1,58,6.37002164,1,0,1,1
4,0,48,4.970345725,1,0,0,0
5,1,28,6.412745708,0,0,1,1
13,0,52,5.805074915,0,1,0,0
1,0,37,5.056396794,1,1,1,1
4,0,33,5.956646072,0,0,0,1
6,0,29,5.441361087,0,0,0,1
1,1,47,5.687632618,1,0,0,1
8,0,28,5.472474217,1,0,1,1
13,0,36,6.104099097,1,0,1,1
6,0,38,5.603530149,1,0,1,1
1,1,28,5.330363685,1,1,1,1
1,0,22,4.874193359,1,1,1,1
13,0,25,5.209831035,0,1,0,1
22,0,50,5.959660166,1,0,0,1
8,0,49,5.186217747,1,1,0,1
12,0,32,5.300985334,1,0,1,1
22,0,35,5.492651965,1,0,1,1
14,1,40,5.691142836,0,1,0,1
8,0,34,4.92294989,0,1,1,1
1,1,51,5.733820884,1,0,0,1
8,0,38,6.461673166,1,0,1,1
14,1,32,5.981777362,1,1,1,1
15,0,47,5.232156575,0,0,0,0
2,0,28,6.12412186,0,0,0,1
13,0,61,6.197228917,0,0,0,0
13,0,54,6.670970365,0,0,0,0
3,0,23,6.12515664,0,0,0,1
13,1,37,6.086333202,1,1,0,1
4,0,56,5.172999408,0,0,0,0
3,0,41,6.146481456,1,0,1,0
1,1,31,5.341940233,1,0,0,0
9,0,36,6.002094669,1,0,1,0
2,1,25,6.480285254,0,1,0,1
5,0,31,5.646552276,1,0,1,0
1,0,41,6.098926358,0,0,0,1
7,0,26,5.536697628,0,1,0,0
0,0,55,5.932412403,0,0,0,0
13,0,48,6.355846253,1,0,0,1
12,0,26,5.404542684,1,0,1,1
25,0,60,5.616382846,1,0,1,1
5,0,22,5.3550113,0,0,0,1
3,0,54,5.185328206,1,1,0,1
9,0,57,5.735829346,1,1,0,1
5,0,33,5.337771585,1,1,0,1
2,0,34,5.196147795,0,1,0,1
16,0,26,5.768912905,1,1,0,1
2,1,30,5.824720182,0,0,0,1
1,1,27,5.443615577,1,0,1,1
5,1,49,5.989305176,1,0,1,1
14,0,55,5.84127905,1,0,0,1
0,1,30,5.46175853,1,0,1,1
2,0,36,5.852955175,0,0,0,1
2,1,36,5.859421953,1,0,1,1
1,0,41,5.571975952,1,0,1,1
0,0,35,5.123066253,1,0,1,1
6,0,25,5.646108093,1,0,1,1
5,0,24,5.520796653,0,0,1,1
2,0,32,4.90331209,0,1,0,1
1,0,27,5.039436621,1,0,1,1
2,1,32,5.451674966,1,0,1,1
2,0,51,5.929051473,0,1,0,1
3,0,31,5.636018266,0,0,0,1
2,0,24,5.489795979,0,0,0,1
6,0,52,5.303946672,1,1,0,1
5,0,60,6.009656386,0,1,0,1
7,0,49,5.634512626,1,0,0,1
16,0,52,6.130688692,0,0,0,1
8,0,27,5.581397582,0,0,0,1
3,0,34,6.106562366,1,1,0,1
0,1,49,6.020249236,1,0,0,1
8,0,26,6.346092498,1,0,1,1
13,0,54,6.568762707,0,0,0,1
5,0,27,6.070712812,1,1,1,1
14,0,45,6.366969755,1,0,0,1
17,1,37,6.265586498,0,0,0,1
22,0,55,5.632773824,0,1,0,1
2,1,30,5.545367667,0,1,1,1
2,0,29,5.266423919,0,0,0,1
15,0,30,6.420748576,1,0,1,1
13,0,43,5.86884342,0,0,0,1
2,1,31,5.92939396,0,1,0,1
5,0,41,6.235942909,1,1,1,1
12,1,26,5.595671574,0,0,0,1
2,1,34,6.620283944,1,0,0,1
1,1,38,5.264887628,1,1,1,1
6,0,44,5.351113401,1,0,1,1
25,0,52,5.926290225,1,1,1,1
21,0,49,6.056050095,1,0,1,1
5,0,35,6.730688229,1,0,1,1
6,0,45,6.055938631,1,0,1,1
0,0,24,6.22295333,0,0,0,1
13,0,33,5.543866971,0,0,0,1
1,1,32,4.996906029,1,0,1,1
1,0,20,4.928252527,1,0,0,0
6,0,49,5.620451211,1,1,0,1
0,1,43,5.599146227,0,1,0,1
5,1,27,5.818169329,1,0,0,1
1,0,22,6.24175765,0,0,0,0
0,0,31,5.031149892,0,1,0,0
1,0,26,5.711386158,1,1,1,1
5,0,27,5.500160823,0,0,0,1
4,0,26,5.563442335,0,0,0,1
5,0,31,5.396444978,0,1,0,1
0,0,34,5.782934396,1,0,0,0
1,0,32,5.216759156,0,1,0,1
9,0,34,6.078028036,1,0,0,1
20,0,30,5.460854108,1,0,0,1
6,0,34,5.270980356,0,0,0,1
2,0,40,6.174558959,1,0,1,1
23,0,56,5.507444119,1,0,0,1
2,0,30,6.748572441,0,0,0,1
16,0,32,5.392281321,0,1,0,1
3,0,40,5.513392551,1,0,0,1
2,0,20,5.759682063,0,1,1,0
2,1,42,5.873981371,1,0,0,1
10,0,55,5.854676125,1,0,0,1
2,1,22,4.991816422,1,1,0,1
15,0,43,4.829709822,0,0,1,1
8,1,37,5.945266035,1,0,1,1
6,0,39,5.789792014,1,1,1,1
8,0,24,5.463611484,1,0,1,1
4,0,38,5.980709661,1,0,1,1
19,0,22,5.826721705,0,0,0,1
1,0,36,5.607911126,1,0,1,1
8,0,61,6.520418999,0,0,0,1
7,0,42,6.274920826,1,0,1,1
12,0,40,5.255231517,0,0,0,1
3,0,20,4.702763977,0,0,0,1
2,0,27,5.409800682,0,0,0,1
1,1,43,6.169569385,0,0,0,1
4,0,28,6.047423438,0,0,1,1
7,0,42,6.162684665,1,0,1,1
5,0,46,5.905817905,1,0,0,1
2,0,28,5.640112523,1,0,1,1
8,0,31,5.409159986,1,0,1,0
2,1,26,5.27374865,1,0,1,1
5,0,26,5.424590888,1,1,1,1
20,0,43,7.056832013,1,0,1,1
7,0,28,5.22900601,1,0,1,1
2,1,39,6.415733074,1,0,1,1
4,0,54,5.765030521,0,0,0,1
2,1,32,6.012170157,1,0,1,1
3,0,28,5.445897896,0,0,0,1
0,1,41,5.151064837,1,0,1,1
5,0,46,5.954514124,1,1,1,1
1,1,20,5.280882425,0,0,0,0
13,1,35,5.936156167,1,0,1,1
4,1,22,5.586786148,0,1,0,1
7,0,33,5.673541492,1,1,0,0
3,0,38,5.521660444,1,0,1,0
1,0,30,5.593334473,1,0,0,1
1,0,21,5.404442923,0,0,0,1
0,1,58,5.925296818,0,0,0,1
5,0,37,6.554785801,1,0,1,1
7,1,37,6.062229652,1,1,0,1
0,1,39,6.511990715,1,0,1,1
11,0,25,5.602821741,1,0,1,0
6,0,40,6.308103521,1,1,0,1
4,0,44,5.80058352,1,1,0,1
1,1,25,5.7808137,1,0,1,1
1,0,25,5.328189824,1,1,1,1
3,1,54,5.917229511,0,1,0,1
2,1,46,5.717154084,1,1,0,1
4,1,30,5.206234006,1,1,0,0
1,0,45,5.619023021,1,0,1,1
3,0,35,6.287279626,1,0,1,1
7,0,49,5.704018999,0,1,0,1
0,0,20,5.014083664,0,1,0,1
5,0,39,5.420959977,1,0,0,1
13,0,40,6.07543571,0,0,0,1
28,0,26,5.572551556,0,1,0,1
1,1,43,6.60881058,0,0,1,1
7,0,32,5.781276874,1,0,1,1
0,0,30,6.47312506,1,1,1,0
3,1,28,5.121341097,0,0,0,1
2,0,25,4.620127447,0,1,1,1
6,1,49,4.729516711,1,0,1,1
3,0,34,5.500634709,1,1,0,1
2,1,34,5.883464416,1,0,1,1
1,0,31,6.182630441,1,0,1,1
15,0,20,4.973220501,0,0,0,0
4,0,33,6.229917567,1,0,1,1
2,0,38,5.699268587,1,0,1,1
3,0,24,5.382512052,1,1,1,0
17,0,31,5.614639221,1,1,1,1
12,0,30,6.024821162,1,0,1,1
2,0,56,6.013959783,1,0,0,1
3,0,33,5.850790623,1,0,1,1
1,0,41,5.718490507,1,1,0,1
4,0,25,4.998812517,1,1,1,1
9,1,57,5.007385767,1,1,0,1
0,1,24,5.949774819,0,0,0,1
6,0,32,5.78269089,0,0,0,0
0,0,41,5.371115866,1,1,1,1
6,0,27,5.904869527,0,0,0,0
7,0,30,5.711339644,0,0,0,1
1,0,49,5.531954287,1,1,0,1
0,0,33,5.971340562,0,0,0,1
3,0,21,5.433978061,0,0,1,0
4,0,20,5.494099665,0,0,1,0
2,0,21,5.57446128,1,0,1,1
7,0,31,5.985441366,0,0,0,1
12,0,45,6.476401875,0,0,0,1
12,0,52,4.995992486,1,0,0,1
2,0,39,6.101650181,1,0,1,1
4,1,36,6.697825926,1,0,0,1
0,0,38,2.685501671,1,0,1,1
6,0,45,6.347846884,1,0,1,1
1,0,39,5.821504725,1,1,0,1
4,1,28,5.750642725,1,0,1,1
1,0,26,5.447580759,1,1,0,1
1,1,50,5.363102619,1,1,0,1
8,0,56,5.852497534,1,0,0,1
9,0,26,5.909519425,0,1,1,0
2,0,28,5.852572254,0,0,0,1
11,0,41,6.396479629,1,1,1,1
2,0,55,5.530845423,0,1,0,1
2,0,53,5.475783177,1,0,0,1
2,0,45,5.416403397,0,1,0,1
5,0,34,5.340817555,1,0,1,1
1,0,32,5.47893428,0,0,0,0
2,0,33,5.893233586,1,1,0,1
6,0,25,5.691520302,0,0,1,0
5,0,24,6.07293644,1,1,0,1
2,0,25,5.585448285,0,0,0,1
12,1,53,6.858298519,1,0,0,1
4,0,35,4.65253856,1,0,0,0
10,0,27,5.398641663,0,0,0,1
7,0,21,5.566510693,0,0,0,0
5,0,31,6.079488195,1,0,0,1
5,0,24,4.956561615,1,1,1,1
5,0,31,5.686776055,0,0,0,1
6,0,22,5.911535145,1,0,1,1
13,0,40,6.113167814,0,0,0,1
5,0,29,5.448027201,1,1,1,0
6,0,48,5.80799512,1,1,0,1
3,0,21,5.065407126,0,1,0,0
6,1,41,6.186221937,0,0,0,0
7,0,49,5.207821365,1,0,0,1
11,0,43,6.016502891,1,1,1,1
7,1,27,6.274421642,1,1,0,1
13,0,60,5.930957349,0,0,0,1
1,0,40,5.218663269,0,0,0,0
27,1,50,5.984528525,0,0,0,0
1,0,30,6.194556061,0,1,0,1
4,0,21,5.706937489,0,0,0,1
10,1,41,5.543655316,1,1,1,1
4,0,25,5.805687297,0,0,0,0
6,0,37,6.11852367,0,0,0,1
2,0,20,4.738788633,0,1,0,1
2,0,20,5.32204704,0,0,0,1
2,0,39,5.530324957,1,0,0,1
9,0,51,4.895365282,0,1,0,1
3,0,36,5.924476388,1,1,0,1
1,1,22,5.522601317,1,1,1,1
11,1,43,5.040696047,0,1,0,1
5,1,28,5.225696357,0,0,0,1
5,1,37,5.888549667,1,0,1,1
7,1,35,5.342812281,1,0,1,1
5,0,32,5.473064602,0,0,0,1
5,0,39,6.244667195,0,0,0,1
0,1,30,5.033188784,1,0,1,1
3,0,22,5.585268605,1,0,1,1
7,0,50,6.247709899,1,1,1,1
1,1,40,6.21634332,1,0,0,1
20,0,32,5.412698086,0,1,1,1
4,0,35,6.231283752,1,0,1,1
5,0,35,5.431876362,1,1,1,1
14,0,25,5.413573163,0,0,0,0
13,0,21,4.711617222,0,1,0,0
5,0,41,6.195316382,1,0,1,1
0,0,48,5.482394839,0,1,0,1
2,1,25,5.284204279,0,1,0,1
0,1,49,5.530107521,1,0,1,1
6,0,27,5.610718178,1,1,1,0
3,1,28,5.932790057,0,1,0,1
26,0,22,5.728422906,0,0,0,1
1,0,22,5.216568434,0,0,0,1
6,1,47,6.279845361,1,0,1,1
1,1,31,5.791273505,0,1,0,1
1,1,24,5.86359986,0,0,0,1
2,0,36,4.77796942,0,1,1,1
6,1,28,5.419231113,1,1,0,1
4,0,25,5.704163258,1,0,0,1
2,1,43,5.506198073,1,0,1,1
1,0,42,5.203971018,1,1,0,1
4,0,58,4.357371711,1,1,0,1
4,0,25,5.176802054,0,1,0,1
13,0,57,6.404135944,1,0,0,1
3,0,48,5.939372374,1,0,1,1
2,0,57,5.599526968,1,0,0,1
2,1,30,5.688154368,1,0,1,1
5,0,42,5.053295589,0,1,1,1
15,1,49,6.291240064,0,0,0,1
1,0,36,5.866446838,1,0,0,1
2,0,23,5.374349843,1,1,0,1
13,0,60,6.026109411,1,1,0,1
7,0,34,5.029587632,1,1,1,1
7,0,31,5.858985687,1,1,1,1
1,1,22,5.424729627,1,0,1,1
10,0,22,5.192806701,1,1,1,1
1,1,34,4.662716399,0,1,0,0
3,0,56,4.86578627,0,1,1,1
5,1,49,5.927775856,0,0,0,1
2,0,45,6.978366069,1,0,1,1
1,1,24,5.229380813,0,1,0,1
1,1,31,6.099777137,1,0,1,1
1,0,24,6.305157054,0,1,0,1
2,1,31,6.518886141,1,0,1,1
6,1,31,5.947223603,0,1,1,1
1,1,35,4.897832709,0,1,1,0
3,0,39,5.297475759,0,0,1,0
0,0,21,5.786748674,0,0,0,1
1,1,20,5.655720795,1,0,1,1
2,1,24,5.067230267,0,0,0,1
5,1,31,5.266774182,1,1,1,1
0,0,47,5.142544804,0,1,1,1
5,0,35,6.170969115,1,0,1,1
5,0,38,6.677792,1,0,1,1
0,1,32,6.019356574,1,1,0,1
2,0,30,5.545672174,0,0,0,1
1,1,50,5.305051179,1,1,1,1
3,1,21,4.948867047,0,0,0,1
1,1,24,5.048503531,0,0,0,1
2,0,24,5.409423368,1,0,1,1
2,0,23,4.958314831,1,1,1,1
0,1,28,5.971626858,1,0,1,1
2,0,38,5.679317899,1,1,0,1
1,0,31,5.99878182,1,0,1,1
26,0,35,6.882552978,1,0,1,1
0,0,26,6.318928626,1,0,1,1
3,1,20,5.640025595,1,0,0,1
1,1,20,5.353845458,1,0,1,1
3,0,40,4.536002902,1,1,0,1
4,1,42,4.959995123,0,1,0,1
0,1,35,5.607085015,1,1,1,1
4,1,37,5.363881326,1,0,1,1
1,1,43,5.963613493,0,0,1,1
2,1,30,5.965317823,1,0,0,1
4,1,57,5.312667122,1,0,0,1
0,1,21,5.695434104,1,1,0,1
0,1,40,6.752317829,1,0,1,1
1,0,43,5.28233578,1,1,0,1
19,0,44,5.277960208,0,0,0,1
1,1,28,5.134393387,0,1,0,1
2,1,29,5.849067804,1,1,1,1
6,1,21,5.381723757,0,1,0,0
15,0,48,6.43195954,0,0,0,1
5,1,42,5.954761837,0,1,1,1
8,1,40,6.071555003,1,0,1,1
2,1,32,5.355157736,1,0,0,0
5,0,34,5.861821077,0,0,0,0
3,1,32,6.615681768,0,0,0,1
6,0,35,4.95638135,1,1,1,0
17,0,44,6.84855916,1,0,0,1
1,0,21,5.405153798,0,0,1,0
6,1,44,6.057805043,0,1,1,1
10,0,61,6.478182795,1,0,0,1
3,0,38,6.403448287,1,0,0,1
8,0,56,5.22315419,1,0,1,1
0,1,57,5.944109977,1,1,0,1
1,1,42,5.950803611,1,1,0,1
1,1,43,6.130952404,1,1,0,1
1,0,44,7.346952292,1,0,0,1
13,1,26,5.930218209,0,0,0,0
3,0,60,5.926525717,0,1,0,1
2,0,53,6.674029503,1,0,0,1
11,1,45,7.376979653,0,0,0,1
1,0,60,6.037078869,0,1,0,1
6,0,59,5.882396669,0,1,0,1
1,0,27,6.205679839,0,0,0,1
4,0,28,6.016247618,0,1,0,1
10,0,35,6.070413123,1,0,1,1
1,1,21,5.396769965,0,1,1,0
2,1,24,5.004088448,1,0,0,1
5,1,53,6.595241852,0,0,0,1
7,0,59,5.736369781,1,0,0,1
10,1,46,6.709882663,1,0,1,1
4,1,42,5.730112253,1,1,0,1
6,1,39,6.074367018,0,0,0,1
4,1,37,7.405738659,0,1,1,1
3,1,59,6.165251914,1,0,0,1
2,1,59,5.948988888,1,0,1,1
1,1,42,5.9375727,1,1,0,1
3,0,22,5.369791843,0,0,0,1
4,0,33,5.981288708,1,0,1,1
8,0,27,5.087228057,0,0,0,1
2,1,39,6.988185167,1,0,1,1
22,0,44,6.346550527,1,0,0,1
3,0,20,5.057182369,0,0,0,1
13,0,33,5.233693822,1,1,1,0
1,1,38,5.28879719,1,1,1,1
2,0,43,6.381070465,1,0,1,1
5,0,44,4.661946841,1,1,1,1
2,0,52,4.901874631,0,1,0,0
2,0,29,5.235122476,0,0,0,0
1,0,31,5.452516689,1,0,0,1
1,0,25,4.992911108,1,1,1,0
7,1,40,5.36540863,1,1,1,1
1,1,31,4.853167624,1,1,1,1
3,1,37,5.65684821,1,1,1,1
2,0,37,5.640663235,0,0,0,1
26,1,39,5.080628113,1,1,1,1
14,1,22,5.252080805,0,0,1,0
1,0,40,5.138963121,1,0,1,1
20,0,56,5.511206353,1,1,0,0
13,1,32,6.304743809,1,1,1,1
7,1,32,5.661751663,1,0,1,1
7,0,31,5.174987842,1,0,1,0
1,0,28,6.629764777,1,1,0,1
14,0,34,5.195063249,0,1,1,0
0,0,29,5.822275443,0,0,0,1
3,0,49,5.703927626,0,1,0,1
2,0,40,6.1553919,0,0,0,1
1,0,20,5.526453909,0,1,1,1
1,1,37,5.66519693,1,0,0,1
0,1,61,6.180334714,1,0,0,1
12,0,46,6.139120224,1,0,0,1
4,0,20,5.438186445,0,0,0,0
11,1,43,6.34542259,1,0,1,0
1,1,60,5.277431947,1,1,0,1
12,0,32,6.11527916,0,0,0,1
0,1,39,7.577625274,0,0,0,1
6,0,39,5.01751098,0,1,1,0
1,1,40,5.68190734,0,0,0,1
1,0,41,5.145426736,1,0,1,1
1,1,27,5.21718835,0,0,0,1
5,0,44,5.139589201,1,1,0,1
0,0,31,5.323684066,1,1,0,1
13,0,57,5.731532544,1,1,0,1
1,0,26,6.136208653,0,0,0,1
2,0,23,5.624363699,0,1,0,1
1,0,29,6.02087844,1,0,0,1
6,0,43,5.230753037,0,1,0,1
10,1,20,5.26324962,0,0,0,1
1,0,50,6.526744127,0,0,0,1
11,0,40,6.174880608,1,0,0,1
4,0,47,6.234220693,0,1,1,1
2,0,37,6.388041568,1,0,1,1
2,0,28,6.13948566,1,0,0,1
11,0,47,6.694795315,0,0,0,1
3,0,33,7.056681178,0,0,0,1
3,0,21,5.992174722,0,0,0,1
4,1,27,6.372312752,1,1,0,1
1,1,30,6.237543307,1,1,0,1
16,1,20,5.447429094,0,0,0,1
17,0,38,6.28854627,1,0,1,1
13,0,32,6.15508868,1,0,0,1
3,1,40,5.751523975,1,0,1,1
6,1,44,7.221946756,1,1,0,1
0,1,23,5.429090742,1,1,0,1
8,0,24,5.887551406,0,0,0,1
2,0,22,5.759380019,0,0,1,1
5,0,22,5.136067296,0,1,1,1
12,0,57,6.818467643,0,0,0,1
3,0,26,5.857110357,0,0,0,1
3,0,34,6.192817797,1,0,1,1
3,0,21,6.10499251,0,0,0,1
7,1,30,5.750107121,0,1,0,1
2,1,25,5.629773737,0,0,0,1
1,0,23,5.57844236,0,0,0,1
1,1,36,6.008000365,0,0,1,1
21,0,44,6.170940355,0,1,0,1
6,0,30,6.326619996,0,0,0,1
17,0,42,6.337434393,1,0,1,1
14,0,50,5.710429567,0,1,1,1
3,0,24,5.496403304,0,0,0,1
1,0,43,6.528120211,1,0,0,1
7,0,23,5.841985922,0,0,0,1
9,1,25,5.996564134,1,1,0,1
11,1,30,5.940248326,0,0,0,1
12,0,61,6.125988054,1,0,0,1
0,1,21,5.555027799,1,0,1,1
3,0,32,6.458712714,1,1,1,1
3,1,41,5.972232072,1,1,0,1
8,1,27,5.612900835,0,0,0,1
3,0,25,5.900202836,0,0,0,1
0,1,22,4.54015827,1,1,1,1
4,0,56,5.303959699,0,1,0,1
5,0,41,4.976048386,0,1,0,1
16,1,22,5.60944619,0,0,1,1
0,1,50,5.858854062,1,1,0,1
0,1,51,6.272619076,1,0,1,1
7,0,31,4.950160753,1,1,1,1
1,0,44,5.347965951,0,0,0,0
3,0,33,5.454150024,1,0,1,1
5,1,28,5.304155833,0,1,0,1
1,1,36,5.379272528,1,0,0,1
3,0,53,5.584968708,1,1,0,0
1,0,22,5.149615626,0,0,0,1
20,0,50,6.789051799,1,0,0,1
0,1,45,5.640840402,1,0,1,1
2,0,30,5.743890607,0,1,1,0
2,0,31,5.461699834,0,0,0,0
1,0,40,5.168087242,0,1,0,1
27,1,48,4.400121432,1,1,0,1
18,1,35,5.841257628,1,0,1,1
2,1,36,6.537300041,1,0,0,1
5,1,24,5.462051072,0,0,0,1
7,0,37,6.646396411,0,1,0,1
2,0,30,5.489876884,0,0,1,1
1,0,41,5.984844078,0,1,1,1
6,0,30,5.161385391,0,1,1,0
9,0,37,5.562393135,1,1,1,0
1,1,33,5.723103038,0,1,1,0
6,1,60,6.354980242,1,0,0,1
2,1,35,5.360447267,1,0,0,1
2,1,24,4.862058216,0,0,1,1
9,0,27,5.274400835,0,1,1,1
6,1,42,5.654808656,0,1,1,1
0,0,42,5.325134582,1,1,0,1
9,0,56,5.462222123,0,0,0,1
2,0,34,6.485087903,1,0,1,1
14,0,29,6.402127787,0,0,0,1
7,0,24,5.024048095,1,1,0,1
5,0,61,5.503514062,1,0,0,1
5,0,23,5.972677916,1,0,1,1
0,1,29,5.651916025,1,0,1,1
2,0,29,5.580247735,0,1,0,1
2,1,45,5.399096253,0,0,0,1
0,1,25,5.279489254,1,0,1,0
9,0,37,6.249722554,1,0,1,1
3,0,23,6.033892393,1,0,1,1
6,0,40,5.400729278,1,1,1,1
14,1,35,5.157328249,0,1,0,1
0,1,40,6.115432984,0,1,1,1
4,0,28,6.231002082,1,0,0,1
7,0,44,5.444978472,1,0,1,1
0,1,23,5.776390894,1,1,0,1
1,0,34,5.737264379,1,0,1,1
4,0,31,5.69477042,0,0,1,1
1,1,32,5.504161393,0,0,0,1
13,0,27,6.150874915,0,1,0,1
5,0,30,6.522727518,1,0,1,1
4,1,55,5.664166385,1,0,0,0
3,0,32,4.893794041,1,0,1,0
7,0,31,6.47528906,1,0,1,0
5,0,27,5.334385198,1,0,1,0
4,0,37,4.863895703,1,0,1,0
8,0,27,5.375794654,0,0,0,0
0,1,49,6.109770163,1,0,1,1
8,0,49,5.986216892,1,1,0,1
6,1,33,6.280595686,0,0,0,0
4,0,22,5.689083256,0,1,0,1
4,1,32,6.009273766,1,0,1,1
7,0,27,5.751266171,1,0,1,1
3,1,25,5.442251267,1,1,0,0
14,0,25,4.699028198,1,0,1,1
1,1,51,5.531908109,1,0,1,1
14,0,41,5.086622684,1,1,1,1
4,0,20,5.170693168,0,0,1,0
6,0,55,5.667979349,1,0,0,1
1,0,35,4.668993702,0,1,1,1
3,0,36,5.299471405,1,1,1,0
9,0,56,5.86941533,0,0,0,0
12,0,47,6.448172903,1,0,0,1
11,0,28,5.759977808,0,0,0,1
0,1,38,5.969613646,1,0,1,1
1,1,34,6.222838975,1,0,1,1
2,1,49,5.238147287,1,0,0,1
2,0,38,6.432863682,1,1,1,0
0,0,43,5.135805898,0,1,0,1
10,0,30,5.398687253,0,1,1,0
1,1,36,6.408273873,1,0,1,1
7,0,53,4.992991789,0,1,0,1
0,0,31,5.852423392,1,0,1,1
0,0,38,5.376474138,1,1,1,1
5,0,40,5.811145926,1,0,1,1
1,1,32,5.505883083,0,0,0,0
1,1,40,5.82901721,1,0,1,1
2,1,55,6.166527798,1,0,0,1
2,0,33,5.639126771,1,0,1,1
3,1,23,6.234820899,1,0,1,0
1,1,37,5.710726915,1,0,1,1
3,1,38,5.98031753,1,0,1,1
2,0,27,5.219392997,1,0,0,0
4,1,41,4.830244072,1,0,1,1
4,0,42,4.444351867,1,1,1,1
0,0,21,3.706875254,0,1,0,1
3,0,42,5.660806163,1,1,1,1
2,0,37,4.487499739,0,0,0,1
2,0,48,6.082431991,1,0,1,1
3,1,54,5.638216466,1,1,1,1
2,0,37,5.835544708,1,1,1,1
7,1,26,6.058467818,1,1,0,1
6,0,35,6.356298025,1,0,1,1
0,1,56,6.272407683,1,1,0,1
5,1,41,5.1818436,1,1,1,1
8,0,29,4.540028902,0,0,0,1
3,1,30,5.279007922,1,0,1,1
0,1,29,5.411475866,1,1,0,1
2,0,35,5.275658307,0,0,0,1
1,1,35,6.189083229,1,0,1,1
0,1,37,5.018653355,1,1,1,1
2,0,38,6.128197652,1,0,1,1
4,1,27,6.00649607,0,0,0,1
3,0,21,5.302152131,1,0,1,1
4,1,31,5.991246349,1,0,1,1
3,0,21,5.429769343,0,1,0,1
0,1,21,5.434754724,1,1,1,1
6,0,26,6.042252041,1,0,1,1
2,0,25,5.193320048,0,0,0,0
1,0,35,5.443663251,0,1,0,1
6,0,40,5.835698728,0,0,1,1
1,1,26,6.394002882,1,1,1,1
1,1,37,5.946194066,0,0,0,1
1,1,35,6.004908053,1,0,1,1
4,1,49,6.897669689,1,0,0,1
3,0,31,4.859201038,1,1,1,1
1,1,27,5.656709404,0,1,0,1
1,0,27,4.888346695,0,0,0,1
2,0,21,4.712634743,0,1,0,1
1,0,25,5.102631741,0,0,0,1
0,1,42,4.833256281,1,0,1,1
3,0,22,5.42842213,0,0,1,1
0,1,38,5.559888349,1,0,1,1
1,0,41,6.105058455,1,1,0,1
14,0,45,5.494060018,1,1,1,1
4,1,44,6.406908988,1,0,1,1
8,0,35,6.502099326,1,0,1,1
8,1,29,5.793939771,1,0,1,1
5,0,31,6.30912359,1,1,1,1
2,1,27,5.117505879,1,0,1,1
1,1,50,5.628415729,1,0,1,1
7,0,21,4.559845839,0,0,0,1
5,0,28,6.112074362,0,0,0,1
3,0,22,5.395961317,0,1,0,1
14,0,43,5.992642798,1,1,1,1
0,0,25,5.310674872,0,0,0,1
0,0,34,5.537879326,0,1,0,1
2,0,20,5.630845913,0,0,0,1
4,0,29,4.822303114,0,0,0,0
18,0,31,5.789120175,0,0,0,1
15,1,44,6.257164133,1,0,0,1
2,1,40,6.507921186,1,0,1,1
0,0,27,5.922088216,0,0,0,1
1,1,55,6.789230378,1,0,0,1
6,0,30,5.233623976,0,0,0,0
2,0,27,5.293294376,1,0,1,0
3,0,22,4.641465944,1,0,1,0
12,0,46,5.602733775,1,0,1,1
2,1,30,5.482379206,1,1,0,1
4,0,35,6.108075861,1,0,1,1
14,0,40,4.620906107,1,1,1,0
2,1,38,5.576128279,1,0,1,1
3,0,29,4.682981,1,1,1,0
3,1,56,6.107159115,1,0,0,1
6,1,30,4.556635071,0,0,0,1
8,0,49,5.120052126,0,0,0,1
3,1,42,6.269533924,0,0,0,1
12,0,33,5.370957251,1,0,1,1
11,0,40,5.317578152,1,0,1,1
4,0,55,6.179440391,1,0,0,1
1,1,57,6.634490276,1,0,0,1
4,0,43,6.363894641,1,0,0,1
3,0,50,5.9411701,1,0,0,1
8,0,38,5.76364748,0,0,0,1
8,0,23,5.000124817,0,1,0,1
1,0,27,5.959214467,1,0,1,1
3,1,41,5.477183845,1,0,0,1
2,0,26,5.41772272,0,0,0,1
17,1,39,6.282630185,1,0,1,0
3,0,22,5.411590138,1,1,0,1
0,1,37,5.560274305,1,0,1,1
0,0,22,5.44086704,0,0,0,0
4,0,24,5.448085298,0,0,0,0
5,1,41,5.564847673,0,0,0,1
1,0,35,5.255566318,1,1,1,1
3,0,55,4.64462988,1,1,0,1
7,1,29,5.195763114,0,0,0,0
3,1,35,5.454665269,1,0,1,1
11,1,32,5.723282462,0,1,0,1
1,0,43,5.463396657,1,0,1,1
2,0,22,6.054887391,1,0,1,1
1,0,27,5.233518323,0,0,0,1
13,0,32,5.407404901,0,0,0,1
13,0,51,5.477247746,0,1,0,1
11,0,21,5.126544769,0,0,1,1
12,0,53,5.525015519,1,1,0,1
1,1,25,5.068056629,1,1,0,1
10,1,20,4.984056432,0,1,0,1
4,0,20,4.926863435,0,0,1,1
4,0,20,5.213374064,0,0,1,1
3,0,36,5.184908068,1,1,1,1
0,0,34,4.707701943,1,1,1,1
4,0,29,5.420589252,1,0,1,1
2,0,22,4.654797514,1,1,1,1
5,1,41,5.17825303,1,0,0,1
14,0,30,5.636401264,1,0,1,1
5,0,21,5.311519718,1,1,0,1
7,1,34,5.99822965,0,1,1,1
1,1,24,6.147072547,1,0,1,1
5,1,22,5.244216566,1,0,1,1
4,0,40,6.683322218,1,0,1,1
4,1,32,5.528697415,0,1,1,1
11,0,47,5.209587662,1,1,1,1
3,1,20,5.151667843,0,0,0,1
4,0,54,4.70027278,0,1,0,1
2,0,31,6.166105737,0,0,0,1
3,0,23,5.066627014,1,0,1,1
2,0,27,5.136313478,1,1,1,0
1,1,30,5.228518191,1,0,1,0
1,1,26,5.789674834,1,0,0,1
2,0,33,4.67151322,1,1,1,1
2,0,42,4.962368172,1,0,1,1
1,0,22,5.697092533,1,0,1,1
11,0,33,5.800711791,1,1,1,1
0,0,34,6.502124716,0,0,0,1
0,1,36,5.677245059,1,0,1,1
2,0,21,6.287739193,0,0,0,1
1,0,37,5.107885042,0,0,0,1
4,0,33,5.288511294,0,1,1,1
2,0,31,5.922405035,0,1,1,1
1,0,36,5.249130042,0,1,0,1
26,0,45,6.171196673,1,0,1,0
2,0,61,6.058167464,1,0,0,1
16,0,35,6.099604774,1,0,1,1
1,0,25,5.395335784,1,1,0,1
2,0,56,6.254060462,1,0,0,1
10,0,38,5.731001568,0,1,1,1
1,0,43,5.979981505,0,0,1,1
0,1,30,5.659356409,1,1,1,1
1,1,36,6.383643088,1,0,1,1
1,1,42,6.366476307,1,0,0,1
5,0,41,5.642108248,1,1,1,1
5,1,27,6.154976925,1,0,0,1
2,0,60,5.220769985,0,0,0,1
0,1,50,6.57443482,0,0,0,1
6,0,38,5.867916338,1,1,0,1
12,0,50,6.411318521,0,0,1,1
18,0,25,6.107912386,0,1,1,1
1,1,46,5.649182617,0,1,0,1
7,0,46,5.036748413,1,1,0,1
10,0,58,6.175548177,1,0,0,1
1,0,28,5.908473765,1,0,0,1
4,1,59,6.076364865,0,0,0,1
6,0,40,5.181289557,1,1,1,0
2,0,30,5.795602417,1,0,0,1
2,1,28,5.32870049,0,0,0,1
11,0,59,5.292294552,1,0,0,1
11,0,51,5.247427776,1,1,0,1
5,0,37,6.152254959,1,0,1,1
13,1,28,6.267779325,1,0,1,0
1,0,21,4.395744022,0,0,1,1
5,0,41,5.345879343,1,1,1,1
4,0,22,5.344727034,0,0,0,1
1,1,23,5.2328289,1,0,0,1
2,1,29,5.710725802,0,1,0,1
2,1,35,5.559475462,1,0,1,1
9,0,58,5.850527642,1,0,0,1
1,0,34,5.95885048,1,0,1,1
1,1,29,5.415334335,1,0,0,1
4,0,24,5.418610941,0,1,0,1
7,0,22,5.998081043,0,0,0,1
5,1,28,6.220801003,1,0,0,1
3,0,30,6.051684273,1,1,1,1
2,0,22,5.934457314,0,0,1,1
2,0,21,5.046072669,0,1,0,1
2,0,26,6.064427688,1,0,0,1
2,0,25,6.001413472,0,0,0,1
3,1,33,5.653987518,1,1,1,1
1,0,27,5.056028898,0,1,0,1
1,1,37,5.823447241,1,0,1,1
7,1,38,5.453870344,1,1,1,1
2,1,26,5.066643768,0,1,0,1
0,0,33,5.119832285,0,1,0,1
1,1,26,5.80340234,0,0,0,1
14,0,50,5.654950037,1,0,0,1
2,0,47,4.787938152,1,1,0,1
6,1,47,6.74271557,1,0,1,1
7,0,39,4.993344829,1,1,1,1
5,1,29,5.745384213,0,0,0,1
3,1,50,5.618766296,0,1,0,1
0,0,46,6.644868133,1,0,0,1
4,0,20,5.196668226,0,1,1,1
2,0,54,6.024231591,0,1,0,1
1,0,31,5.546024388,0,0,0,1
13,1,40,5.801430295,1,0,1,1
5,0,33,5.717639649,1,1,1,0
6,0,32,5.497368322,0,1,0,1
1,0,27,5.443036834,0,1,1,1
4,0,33,5.863670745,1,0,1,1
8,1,30,5.718194561,0,0,0,1
1,1,50,6.098237633,1,0,0,1
9,0,34,5.97059877,1,0,1,1
5,0,37,4.650121839,0,1,0,1
3,0,32,5.282391393,0,1,0,1
2,0,55,6.516970622,1,0,0,1
2,0,22,5.411005863,0,0,0,1
2,0,42,5.343855492,1,0,1,1
2,0,40,5.984182311,1,0,1,1
13,0,29,5.220203946,1,1,1,1
1,1,37,6.501162522,1,0,1,1
0,1,52,5.907168989,0,1,0,1
3,0,27,6.057557503,1,0,1,1
2,0,39,5.291310807,0,1,0,1
6,0,37,5.90088915,0,0,0,1
2,0,27,6.458356862,1,1,0,1
4,0,56,6.116147549,1,0,0,1
22,0,41,5.078634937,1,0,1,1
1,1,32,6.068593163,0,0,0,1
4,0,38,7.271535488,1,0,0,1
2,0,30,5.803008046,0,0,1,1
7,0,42,5.291502935,1,0,0,0
26,1,42,5.563534755,1,0,1,1
9,0,54,6.603430928,1,0,0,1
4,1,52,5.954362334,1,0,0,1
6,0,50,5.027394216,1,0,1,1
6,1,21,4.828280573,0,1,0,0
2,0,26,5.66562382,0,0,0,0
2,0,34,6.068152348,1,0,1,1
8,0,31,5.134227713,1,1,1,1
3,0,39,6.327696192,1,0,0,1
10,0,49,7.236563011,1,0,1,1
6,0,28,5.732248588,0,0,0,1
1,0,49,6.394727456,0,0,0,1
0,0,31,5.378470119,0,0,0,1
1,0,46,5.54660047,1,0,0,1
0,1,37,5.469234064,1,0,1,1
9,1,32,6.237061485,1,0,1,1
2,1,22,5.796150011,0,0,0,1
1,1,44,6.554151868,1,0,1,1
2,0,33,6.557183972,1,0,1,1
2,0,33,5.262296935,1,0,1,0
1,0,20,5.887788978,0,1,1,1
5,1,21,5.619649546,1,0,0,1
2,1,31,6.076484391,1,0,1,0
6,0,45,6.341378804,1,0,1,1
20,1,33,6.181818189,1,1,0,1
5,0,25,5.695447568,0,1,1,0
3,1,50,6.297687592,1,0,0,1
2,0,26,5.195477433,1,1,0,1
3,0,33,5.508394318,1,1,1,1
1,1,42,6.128736811,0,0,0,1
1,1,38,5.764087421,1,0,1,1
6,1,34,5.148525243,1,1,1,1
11,0,42,5.048436309,0,1,1,1
1,1,46,6.445674926,1,0,0,1
1,1,27,6.329975985,1,1,1,1
2,0,26,5.158051009,0,1,0,0
7,1,23,5.704318937,1,1,1,1
6,0,24,5.457440162,0,0,0,1
6,0,21,5.455001321,1,1,0,1
13,0,36,6.008068182,1,0,1,1
9,0,32,6.268196319,0,0,0,1
5,1,32,6.477013947,0,0,0,1
15,0,28,5.034288787,0,0,0,1
1,1,31,6.362491156,1,1,0,1
2,0,23,5.425881432,0,0,1,0
0,0,43,5.948161348,1,1,0,1
2,1,50,5.185251752,1,0,1,1
2,0,45,5.565621755,0,1,1,1
12,0,23,5.609063477,1,1,1,1
4,1,33,6.026513664,1,1,1,1
2,0,39,5.606608408,1,1,1,1
3,0,28,5.582266951,1,0,1,1
1,0,24,5.038762395,0,0,0,1
1,1,40,7.673190158,1,0,1,1
2,1,21,5.139061168,0,1,1,1
7,0,28,5.250136243,0,0,0,0
7,1,42,6.255551244,1,0,0,1
7,0,40,5.556988617,1,1,0,1
6,1,24,5.901191273,0,1,0,1
0,1,25,5.842595039,1,0,1,1
8,0,34,5.889973501,1,0,1,1
0,0,20,5.067490273,1,1,1,1
1,0,21,5.124715117,0,1,0,1
7,1,24,4.936539921,0,1,1,1
7,0,28,6.259971531,1,0,1,1
1,1,40,5.894550052,1,0,1,1
14,1,45,6.162387445,1,0,1,1
4,0,31,5.924360207,0,0,0,1
5,1,21,5.509749545,0,0,0,0
0,1,32,6.022584472,1,1,1,1
14,1,48,6.283719602,0,0,0,1
5,0,24,5.021700606,1,0,0,1
2,0,46,5.952226301,1,1,0,1
8,1,23,5.590837802,1,0,0,1
5,1,23,5.978551346,0,0,0,1
4,0,32,6.409561926,0,0,0,1
2,0,36,6.034898271,0,0,0,0
1,0,22,5.667733301,1,1,1,1
13,0,45,6.103711305,1,0,0,1
2,0,52,6.445016841,1,0,1,1
7,1,32,5.745505275,1,0,1,1
3,0,21,5.210659164,0,1,1,1
2,0,51,5.849653399,0,0,0,1
9,1,22,5.829482906,0,1,0,1
2,1,42,5.661655914,1,0,1,0
12,1,58,6.35415355,1,0,1,1
2,0,27,5.432176912,0,0,0,1
4,0,36,4.670116729,1,0,1,0
1,1,36,5.120207696,1,1,1,0
4,0,53,6.131330299,1,0,0,1
2,1,25,6.239928615,1,0,0,1
4,0,28,5.586310296,1,0,1,1
7,0,30,6.258132538,1,0,1,1
4,0,45,5.686426801,1,0,1,1
24,0,40,5.177252838,0,0,0,0
15,0,36,5.722060202,1,0,1,1
7,0,30,6.239305341,1,0,1,1
3,0,35,6.098073059,1,0,1,0
2,0,44,5.811758354,1,1,0,1
1,1,31,6.697597349,1,0,1,1
0,1,42,6.097595334,1,0,0,1
13,0,55,6.033903431,1,0,0,1
7,0,27,5.214488644,1,0,0,1
5,0,29,5.00104087,1,1,1,1
8,0,30,6.475849459,1,0,1,1
2,1,26,5.919990057,0,0,0,0
13,0,59,5.391905398,0,1,0,1
2,0,32,5.920135447,1,0,1,1
6,0,27,4.690034448,0,1,0,1
8,0,30,5.094924995,0,1,0,1
5,0,37,5.748023683,1,0,1,1
10,0,32,5.238150157,1,1,1,1
13,1,37,4.758916361,1,1,1,1
4,0,47,5.966359733,1,0,1,1
4,0,22,5.600805797,0,0,0,1
8,0,50,5.107452902,1,0,0,1
2,0,22,5.343967378,0,0,0,1
0,1,30,6.373480612,1,0,1,1
8,0,37,5.971714932,1,0,1,1
5,0,50,6.033352219,1,0,1,1
3,0,26,5.397852684,1,0,0,1
4,1,26,6.193710169,1,0,1,1
9,0,26,5.012693061,0,0,0,0
1,0,35,5.702160917,1,0,1,1
7,0,23,5.778984375,0,0,1,1
25,0,23,4.873509156,1,1,1,1
26,0,38,5.137766183,0,1,1,0
11,0,38,6.036972714,1,0,1,1
10,0,32,5.833565649,1,0,1,1
2,1,33,4.930659786,1,0,1,1
3,0,23,5.098503184,0,1,0,1
13,0,42,6.034835748,0,1,1,0
4,0,41,6.359619108,0,0,0,1
8,0,43,6.04172591,0,0,0,0
3,0,49,6.047112582,1,0,0,1
4,0,30,6.303127761,0,0,0,1
0,0,29,6.420840274,1,0,1,1
1,1,35,6.336840867,1,0,1,1
1,0,23,5.268806518,0,0,1,1
7,0,57,5.961499797,1,1,0,0
4,0,27,5.741876717,0,0,1,1
3,0,36,5.284211208,1,0,1,0
11,0,20,5.239067696,0,0,0,1
2,1,22,5.310584109,1,0,0,1
1,1,35,6.940192268,1,0,1,1
12,0,38,5.214629091,0,0,0,1
2,0,33,6.567325331,0,0,0,1
1,1,49,5.914346997,1,1,1,1
20,0,48,5.824697608,1,1,0,1
4,1,31,5.921614731,0,1,0,0
13,0,43,5.66794465,1,0,1,1
12,0,58,5.695929497,1,0,1,1
17,0,59,6.006999002,0,1,0,1
14,0,43,5.985271371,0,0,0,1
9,1,21,5.563109867,0,1,1,1
12,0,25,6.160285767,0,0,0,0
0,1,24,5.981249034,1,0,0,1
2,0,46,5.996102709,0,1,1,1
2,1,53,6.152076324,1,0,0,1
0,1,27,6.121940971,1,0,0,1
0,0,34,5.792465741,1,0,1,1
9,0,43,6.164540047,1,0,1,1
3,0,23,5.499832793,1,0,1,1
5,1,23,4.994449777,0,1,0,1
13,1,27,5.211682429,0,1,0,1
1,1,28,6.35952019,1,0,0,1
26,0,26,5.200003387,1,1,0,1
2,0,23,4.942646236,1,0,0,1
1,1,33,5.326847368,1,1,1,1
3,0,26,5.796591285,0,1,0,1
18,0,61,6.371288429,1,0,0,1
2,0,29,4.753912485,0,1,0,1
7,0,30,5.755547961,0,0,1,1
1,0,30,5.743343337,1,0,1,1
28,0,29,5.608257152,0,0,0,0
5,1,25,4.985742913,0,1,1,1
2,1,25,5.886973902,1,0,1,1
2,1,48,6.311350601,1,0,0,1
13,0,24,4.856750017,0,0,0,0
22,0,35,5.883647033,1,1,1,0
1,0,53,5.995319032,0,0,0,0
17,1,51,6.544301924,1,0,0,1
11,0,21,5.197844844,0,0,0,1
5,0,48,6.052780859,1,0,0,1
11,0,56,5.686662273,0,1,0,0
5,1,50,4.920871007,1,1,0,1
12,0,24,3.384408837,0,0,0,1
14,0,22,4.930020074,0,0,1,1
27,0,43,5.394410712,1,1,1,1
12,1,36,6.360245814,1,1,1,1
4,1,33,5.588928969,1,0,1,1
6,0,24,5.406001851,0,0,1,0
14,0,27,5.964076465,1,1,0,1
2,0,54,5.381695875,0,0,0,1
2,1,21,4.929672358,0,0,1,1
15,0,49,5.834047335,0,0,0,1
1,1,27,6.094014482,1,0,1,1
2,1,22,5.262114104,1,0,0,1
2,1,29,6.177509739,1,0,0,1
12,0,50,5.979404038,1,0,0,1
13,1,33,6.513035959,1,0,1,1
1,1,32,6.30665358,1,0,0,1
5,0,24,5.149674701,1,0,1,1
18,1,30,5.473992444,0,1,1,1
7,1,36,6.06675926,1,0,1,1
10,0,35,5.773433309,1,0,1,1
19,0,43,5.944380868,1,0,1,1
1,0,34,5.400044208,1,1,1,1
1,1,24,5.602065887,1,0,1,1
6,0,52,6.625698109,1,0,1,1
4,0,24,5.578798885,0,0,0,1
18,0,39,6.099376833,1,0,1,1
11,0,51,5.731973755,0,1,0,1
7,1,28,5.990012349,1,0,0,1
3,0,42,6.539295799,1,0,1,1
7,0,28,4.815624252,0,1,0,0
3,0,22,5.221469814,0,0,1,1
11,0,26,5.681479603,1,0,0,1
12,0,26,5.443949539,1,0,1,1
12,0,29,5.733778396,1,0,1,0
6,0,24,5.534781738,0,1,0,1
13,0,21,4.872428351,0,1,0,1
5,1,41,6.675507622,1,0,1,1
4,0,31,5.738672056,1,0,1,1
9,0,40,6.264888599,0,0,0,1
6,0,29,5.204769012,0,1,1,1
14,0,27,5.498679758,0,1,0,1
12,1,23,5.158195498,0,0,0,1
0,1,24,6.084280309,0,0,0,1
10,1,38,5.489373117,1,0,1,1
5,0,24,5.22331251,0,0,0,1
2,0,32,6.135654454,0,1,0,1
5,1,31,5.757881507,0,0,0,1
0,0,36,4.827379971,1,1,1,1
3,0,43,6.263029159,0,0,0,1
5,0,34,4.740964283,0,0,0,1
7,0,43,6.640847084,1,0,0,1
7,0,24,5.424287209,0,0,0,1
23,0,34,6.371930926,1,0,1,0
6,1,32,6.60991437,1,0,1,1
6,0,33,5.989880506,1,0,1,1
17,0,21,5.149794477,0,0,0,1
4,0,61,6.372133818,1,1,0,1
18,0,38,5.778360036,1,0,1,1
8,1,37,6.058484469,0,0,0,1
0,1,56,7.187108319,1,0,0,1
1,1,29,6.136914274,0,1,0,1
1,0,38,6.460900384,0,1,0,1
1,0,26,6.431736254,0,0,0,1
12,0,31,6.01355,1,0,0,1
3,1,24,6.066458817,0,1,0,1
8,0,44,6.268942424,1,0,0,1
20,0,34,5.594078674,1,0,1,1
14,0,36,5.390105026,1,0,0,1
12,0,40,5.091858766,0,1,0,1
27,0,48,6.279823842,1,0,0,1
2,0,28,6.071629094,1,1,1,1
27,0,31,5.000982328,0,1,1,0
1,0,46,6.170660958,0,0,0,1
8,0,29,5.963348238,0,0,0,1
11,1,31,5.760468384,0,0,0,1
12,0,38,5.758892872,1,1,1,1
1,0,33,5.438558496,0,1,1,1
7,1,21,5.827970294,1,0,0,1
2,0,39,5.253814857,1,0,1,1
3,1,51,5.518581766,1,0,0,1
1,1,46,5.928942642,1,1,0,1
6,0,26,5.142246853,1,0,1,1
10,0,27,5.54010485,0,0,0,0
3,1,48,5.523706603,1,0,1,1
4,0,42,5.373446548,1,1,1,1
5,1,31,5.689718742,1,0,1,1
2,1,29,5.413618819,1,0,1,1
1,0,20,5.104917763,0,1,1,0
2,0,23,5.95349388,0,0,0,1
10,1,22,5.134406981,0,0,0,1
14,0,27,5.536440606,1,0,0,1
8,0,48,4.964828793,0,1,0,1
7,0,55,5.053767548,0,1,0,1
6,0,45,5.425178821,0,1,1,1
1,1,26,5.487707522,1,0,1,1
2,1,30,5.157877985,0,1,1,1
0,1,20,5.293171673,1,0,0,1
1,1,31,5.849115537,1,0,1,1
3,0,28,5.85208101,0,0,1,1
0,0,24,5.073791343,0,0,0,0
2,0,32,5.65533987,0,0,0,1
2,0,30,5.682157056,1,1,0,1
7,0,34,5.541135867,0,0,0,1
12,0,22,4.922895826,0,1,0,1
9,0,52,5.461899223,1,0,0,1
0,0,23,5.642083172,0,0,0,1
6,0,28,5.178443984,0,1,0,1
15,1,44,5.528070087,1,1,1,1
5,0,22,5.383236856,0,0,0,0
6,0,27,6.004088418,0,1,0,1
7,0,59,5.18279388,1,0,1,0
1,0,36,5.9758804,1,0,1,1
1,0,37,5.569369173,1,0,1,1
5,0,24,5.193217352,1,0,1,1
16,1,53,5.669726923,1,0,0,1
3,0,23,5.626483332,0,0,1,0
1,1,22,5.64794619,0,0,1,0
1,0,44,5.474842837,0,0,0,1
2,0,57,5.556458855,1,1,0,1
2,0,47,5.499062064,0,1,0,1
11,0,52,5.316264372,0,0,0,1
11,0,28,6.8732702,1,0,1,1
3,0,37,6.019722807,1,0,1,1
1,0,43,4.939857542,1,1,1,1
9,0,49,6.050198679,0,1,0,0
26,0,25,4.947301443,0,0,1,0
15,0,34,4.966088797,0,0,0,1
3,0,21,6.058835459,1,0,0,1
9,0,27,6.123633944,0,0,0,1
3,1,22,5.445336249,0,1,0,1
14,1,29,5.861016006,0,1,0,1
0,1,29,6.294276965,1,0,0,1
8,0,22,5.436243069,0,0,0,1
3,0,27,7.536012597,0,0,0,1
3,0,61,5.638630115,1,1,0,1
5,0,29,5.865411578,0,0,0,1
5,0,48,6.091604081,1,0,1,1
14,0,49,5.902068926,0,1,0,1
2,1,34,6.173583947,1,1,0,1
7,1,38,5.783494259,1,0,1,1
0,1,36,6.532931189,1,0,1,1
4,0,40,5.311259915,0,0,1,1
3,1,25,5.782416297,0,1,1,0
13,1,37,5.90018915,1,0,0,1
1,1,53,5.524918055,1,0,1,1
6,0,46,6.689494496,1,0,0,1
1,0,34,5.21702852,0,0,0,1
1,0,21,5.066395331,1,0,0,1
4,0,21,4.885379012,0,0,0,1
4,1,60,6.610621872,1,0,0,1
0,0,20,5.599084447,0,0,0,1
5,0,33,6.112888359,1,1,1,1
1,0,26,5.819736494,1,1,0,1
14,1,32,4.973183855,0,0,0,1
0,1,22,5.447306802,0,1,0,1
7,0,46,5.135922135,1,1,1,1
4,0,54,5.135992299,1,1,0,1
18,0,49,5.942141743,1,1,0,1
11,1,48,6.404219359,0,1,0,1
20,0,27,4.5947388,0,1,1,1
8,0,57,5.988572572,1,0,0,1
8,0,34,5.931757246,1,1,1,0
2,0,37,4.934369574,0,0,0,1
2,0,40,5.066442575,0,1,1,1
9,0,23,5.88077873,0,0,0,1
2,0,44,6.227106019,1,0,0,1
12,1,42,5.850522143,1,1,0,1
0,1,22,5.292157966,0,1,0,1
2,0,21,4.942791069,0,0,1,0
6,1,47,5.498852175,1,0,0,0
1,0,22,6.158014605,0,1,0,0
11,1,45,5.792111579,1,0,1,0
16,1,34,5.169757219,0,1,1,0
6,0,28,5.87251801,1,1,1,0
1,1,49,6.026523208,1,1,0,1
1,0,28,5.825854867,0,1,1,1
15,0,36,5.514566039,1,0,1,0
4,0,26,5.64047666,1,0,0,1
3,0,34,5.894160319,1,0,1,1
2,0,29,5.076716713,1,0,1,0
8,1,23,5.502179675,1,0,1,1
2,0,21,5.154491741,0,1,1,0
2,1,44,5.405247866,0,1,1,1
6,0,20,4.97369641,0,0,0,1
2,0,23,5.777479466,0,0,1,0
2,0,39,5.531948836,0,1,1,0
10,0,32,5.350031234,0,0,0,1
2,1,24,5.611504866,0,0,0,1
6,1,33,5.605476981,1,1,1,1
0,0,28,5.372376166,1,1,1,0
2,1,49,5.772397898,0,1,0,1
3,0,51,5.420904296,1,0,1,1
11,0,29,6.296103201,0,0,0,1
1,0,30,5.947979692,1,0,0,0
5,0,27,5.338168582,1,1,1,0
7,0,25,4.990218051,0,0,1,1
2,1,25,5.665817646,1,0,0,1
4,1,37,6.367982351,1,0,0,1
4,0,24,5.478075389,1,1,1,1
4,0,40,5.769219526,1,0,1,0
4,0,26,4.763075051,1,1,1,1
6,0,37,5.385509284,1,1,1,0
7,0,27,5.571542496,1,0,1,1
8,0,22,6.443888365,0,1,0,1
0,0,26,5.857685725,0,1,1,1
4,0,56,5.18046034,1,0,0,1
4,0,51,5.704287245,0,1,0,1
5,0,52,5.916206572,1,1,0,0
0,0,23,5.588069792,1,0,0,1
24,0,40,5.329377287,0,0,0,0
1,1,46,5.121290515,1,0,0,1
7,0,52,6.676029576,1,0,0,1
0,0,37,5.500243614,0,0,0,1
0,1,53,7.030847243,1,0,1,1
2,1,25,5.39332402,1,0,0,1
2,0,40,5.928016941,1,0,0,1
0,0,44,6.054737951,1,0,1,1
9,0,20,5.274498883,0,0,0,1
15,0,39,5.625318193,1,0,1,1
4,0,47,5.29701745,1,0,0,1
12,1,42,5.778469371,0,0,0,1
4,0,28,5.82749311,0,0,0,1
11,1,55,5.503619766,0,0,0,1
1,0,25,5.845245511,0,0,0,1
2,0,24,5.541354234,0,1,0,1
8,0,37,5.529364932,1,1,1,1
6,1,34,5.593379691,0,0,0,1
9,0,54,6.00277329,1,0,0,1
0,1,38,5.637543406,0,0,0,1
10,0,60,5.969309705,1,0,0,1
1,0,31,6.217698551,0,0,0,1
2,0,26,6.098878022,0,0,0,1
2,1,29,6.275324211,1,0,0,1
8,1,42,6.615292158,1,0,1,1
19,0,53,6.67587776,1,0,0,1
1,1,55,7.142137404,1,0,0,1
14,0,21,5.172638759,0,0,0,1
1,0,37,5.652331946,1,0,1,1
5,1,24,5.333117517,0,0,0,1
3,1,50,6.278900787,1,0,1,1
5,0,47,6.24332232,1,0,1,1
5,0,42,5.899022082,1,1,1,1
27,0,58,6.488472184,0,0,0,1
1,1,25,6.660047736,0,0,0,1
0,1,28,5.997482481,1,0,0,1
7,0,30,5.538894045,0,0,0,1
2,0,37,6.300626621,1,1,1,1
3,1,38,5.135398423,1,1,0,1
1,1,27,5.264567984,0,0,0,1
2,0,28,5.64758344,1,0,1,1
2,0,48,5.752136789,0,0,0,1
1,1,23,5.154208088,1,0,1,1
2,0,61,5.319000522,0,1,0,1
4,0,61,5.777042797,0,1,0,1
11,0,25,5.362522555,1,0,1,1
6,0,50,5.700595916,1,0,0,1
15,1,24,5.141204391,1,1,1,1
15,0,38,5.272729009,1,1,1,0
4,0,28,5.652097473,1,0,1,1
3,1,20,4.633467524,0,0,1,1
6,0,59,5.594080263,1,0,0,1
5,0,24,5.691692685,1,0,1,1
6,0,21,5.409013481,1,1,0,1
0,0,23,4.917956178,0,0,0,1
3,0,20,5.31607564,0,0,1,1
6,0,34,5.993963678,1,1,1,0
2,0,24,5.060990199,0,0,1,1
14,0,22,5.219030036,0,0,0,0
27,1,51,5.875469228,1,0,1,1
4,0,32,4.991887161,1,1,1,1
16,0,51,5.344149037,0,1,1,1
2,0,33,5.213964421,1,0,1,1
12,0,36,5.726634787,1,1,0,1
6,0,30,5.198447293,1,1,1,1
6,0,36,6.248975109,0,0,1,1
7,1,31,5.950316821,1,0,1,1
20,0,35,5.417727973,0,1,0,0
2,1,25,5.364863125,1,0,0,1
1,0,40,5.514970774,1,1,0,1
16,0,36,5.783987932,0,0,0,0
16,0,26,5.944425621,1,0,1,1
2,1,33,5.690303215,1,0,1,1
1,0,32,6.224188423,1,0,1,1
9,0,36,5.035112428,1,0,1,0
7,0,46,6.143874102,0,1,0,1
1,0,25,5.579605698,0,0,0,1
5,0,29,5.530282936,1,1,0,0
9,1,50,5.553828851,0,0,0,1
0,0,27,5.705219848,1,0,1,0
1,1,34,6.259303011,1,1,1,0
5,0,29,5.661141105,0,0,0,0
5,0,24,5.752428977,0,1,0,1
14,0,39,5.0135822,0,1,0,0
3,1,21,5.751811399,0,0,0,1
0,0,39,5.687224584,0,0,0,1
4,0,48,4.935192055,1,1,1,1
1,1,26,4.834963827,0,0,0,0
6,1,42,5.270709508,1,1,0,1
0,1,35,6.566209483,1,0,1,1
3,0,25,5.135286421,1,0,1,1
5,1,26,5.386978529,0,1,0,0
8,0,33,5.029447219,0,0,0,1
11,0,39,6.328314802,0,0,1,1
5,0,28,5.160806942,0,1,0,1
3,0,42,7.327207579,0,0,0,1
9,0,23,5.451566241,1,1,0,1
5,0,26,5.479650306,0,0,0,1
11,0,43,5.512906417,0,1,1,1
4,0,44,5.947090369,0,0,0,1
18,0,39,5.383686167,1,0,1,1
14,0,36,5.57458731,1,1,1,1
0,0,60,4.925884099,0,1,0,1
0,1,27,5.264359853,1,1,0,1
1,1,25,5.86323235,1,1,0,1
7,0,35,6.035981269,0,0,1,1
0,0,25,5.074203092,0,1,0,1
2,0,23,5.950718066,1,1,0,1
6,1,56,5.525442775,1,0,0,1
4,0,23,5.30507088,1,0,1,1
4,0,22,5.611935786,1,1,1,1
4,1,48,5.05084809,1,1,1,1
5,0,20,4.935164543,1,1,1,1
21,0,20,5.028874035,0,1,0,1
2,0,43,3.905678125,0,0,0,1
2,0,31,5.019721669,0,0,0,0
2,0,49,6.12933579,1,0,0,1
2,0,21,5.521462918,1,0,0,1
20,0,24,6.080199059,0,0,0,1
20,0,20,6.128757219,1,0,0,1
3,0,42,5.336469999,1,1,0,1
3,0,29,5.781040925,0,0,0,1
4,1,23,5.433245341,0,1,0,1
2,0,33,6.368706262,1,0,1,1
0,1,58,5.859098649,1,0,0,1
6,0,24,5.630198801,0,1,1,0
19,0,26,5.378251274,0,1,1,0
1,0,29,5.553299909,1,0,1,1
0,1,46,5.594239746,0,1,0,1
2,1,23,5.393161736,1,0,0,1
1,1,26,5.497475298,0,0,0,1
6,0,49,5.644290014,1,0,1,1
2,1,22,5.902225928,0,0,0,1
4,1,49,5.264431754,1,0,1,0
8,0,27,5.246794539,0,1,1,0
2,0,55,5.739707847,1,0,0,1
0,0,25,5.414407801,0,0,0,1
6,0,22,5.088374497,1,0,1,0
2,1,24,5.853214264,0,0,0,1
5,1,28,6.074527631,1,1,1,1
8,0,54,5.558814921,0,0,0,0
7,0,21,5.586839086,0,0,1,0
7,1,34,6.285577627,0,0,0,1
1,1,25,5.955203576,0,0,0,1
6,0,22,4.515584975,1,1,1,0
1,0,22,5.32076743,1,1,0,0
5,0,49,5.289536379,1,0,1,0
3,0,23,5.831406359,1,0,1,1
3,0,39,5.954733127,1,0,1,1
13,0,27,5.137993134,0,1,1,0
20,1,29,5.692593776,1,0,1,1
3,0,56,5.390386855,1,0,0,1
4,0,23,5.843022404,0,0,0,1
5,0,32,5.534180464,0,1,0,1
1,0,33,5.27233172,1,1,1,0
5,1,50,6.695137292,0,0,0,1
11,0,30,5.438587989,1,0,1,0
5,0,39,6.102888615,1,0,1,1
2,0,26,5.863425721,0,0,0,1
14,1,43,6.371254837,1,0,0,1
14,0,37,5.114228901,1,1,0,1
5,0,23,6.040985566,1,0,0,1
2,0,28,5.732703741,0,0,0,1
13,1,36,5.635107373,1,0,0,1
7,1,38,6.548889416,1,0,1,1
6,0,39,6.088889257,0,0,0,1
3,0,42,6.547816277,1,0,1,1
22,0,41,5.178601743,1,1,1,1
13,0,44,6.291311503,1,0,0,1
6,1,60,5.469941486,0,1,0,1
6,0,30,5.275436625,1,0,0,1
6,0,24,5.774154646,0,0,0,1
7,1,28,4.780964134,1,1,1,1
1,0,23,4.739483067,0,1,0,1
10,0,30,5.696421251,1,0,1,1
1,1,57,4.804028222,1,1,0,1
2,1,42,6.406143716,0,1,0,1
0,1,28,4.980467692,1,1,1,1
1,1,23,4.699950307,1,1,1,1
5,1,35,5.94062623,1,0,1,1
7,0,22,5.343005018,0,1,0,1
6,0,57,5.198566787,1,1,0,1
10,0,58,5.121460906,0,1,0,1
1,0,29,5.043916143,1,1,1,1
13,0,22,6.10689397,0,0,0,1
7,1,28,5.953076892,1,0,1,1
25,0,26,5.133945113,0,0,0,0
4,0,39,5.732940827,0,1,1,1
3,0,27,4.653982885,1,0,1,0
2,0,28,5.054117107,0,1,0,1
13,0,33,6.084947684,1,0,1,0
2,0,55,4.90026371,1,0,0,1
5,1,30,5.670382816,1,0,0,0
26,0,37,4.951612843,0,1,1,1
11,0,50,6.504835901,1,0,1,1
1,0,32,6.683357097,1,0,0,1
9,0,32,6.302464353,0,0,0,1
9,0,22,5.417674522,0,0,0,1
0,0,27,6.343735504,1,0,1,1
5,0,36,6.762978046,1,0,1,1
1,0,36,5.141724818,0,1,1,1
11,1,20,4.860768936,1,0,0,1
11,0,24,5.442218175,1,1,1,1
5,0,35,6.086036172,1,0,1,1
0,1,37,5.903708791,1,0,1,1
1,1,36,6.005892146,0,1,1,1
3,0,24,5.849531475,1,0,1,1
3,0,27,6.207149173,1,0,1,1
3,0,27,5.763960768,0,0,0,1
4,1,32,6.533610246,1,0,1,1
6,0,35,6.445908956,0,0,0,1
5,1,28,6.372431326,0,0,0,1
10,1,38,6.096293283,1,0,1,1
5,0,31,5.329391912,1,0,1,1
0,1,25,6.105507351,0,0,0,1
0,0,26,5.775800346,1,0,1,1
9,0,21,5.504827744,1,0,1,1
1,1,23,5.158574785,1,0,0,1
12,0,35,5.372026886,0,0,1,1
14,1,39,5.726000742,1,0,1,1
0,1,29,6.885437472,1,0,1,1
3,0,45,5.044612063,1,0,1,1
2,0,50,6.075503238,0,0,0,1
6,0,23,5.928494861,1,0,1,1
0,1,25,5.484696593,1,1,0,1
0,1,29,4.990082054,0,1,0,1
1,0,20,5.230443884,0,0,1,1
3,0,33,6.403667146,1,0,1,1
21,0,48,5.997394819,0,1,0,1
16,0,37,5.303451258,0,1,1,1
1,0,23,5.727328017,0,0,0,1
7,0,37,5.247004654,1,1,1,1
0,1,24,4.907665262,1,1,0,1
1,1,42,6.163881348,1,0,1,1
7,0,27,6.043516422,0,0,0,1
2,0,24,5.469207865,0,0,0,1
11,0,35,5.935878575,1,1,0,1
1,1,38,5.715892404,1,0,1,1
0,0,37,5.684534253,1,1,0,1
2,0,33,6.384791637,1,0,1,1
0,0,23,4.970268251,0,0,0,1
10,0,45,6.834902437,1,0,0,1
4,0,32,6.175272167,1,1,0,1
3,0,20,4.760559598,0,1,0,1
5,0,25,6.209691494,0,0,0,1
11,1,31,5.457184356,1,1,1,1
12,0,26,6.048206923,0,0,0,1
3,0,22,5.970549663,1,0,1,1
1,1,42,5.813948988,0,1,1,1
2,0,20,4.966458115,0,1,1,1
2,1,29,6.343273266,0,1,0,1
5,0,48,5.060373408,0,1,0,1
14,0,36,6.46378003,1,0,1,1
0,1,38,6.183227614,0,1,1,1
2,0,33,5.93148974,1,0,1,1
17,1,28,5.05768395,1,1,1,0
1,0,24,5.015209426,0,1,0,1
0,0,23,4.926677423,0,1,0,1
4,1,27,6.1103806,1,0,1,1
2,1,23,5.575139597,1,0,1,1
0,1,26,5.396149972,0,0,0,1
4,0,21,5.59871951,1,0,1,1
1,0,26,5.77051712,0,1,0,1
2,0,46,7.493068222,1,0,1,1
1,0,38,5.008509061,0,0,0,0
4,0,34,4.926901298,0,0,0,0
4,0,29,5.162604171,0,0,0,1
6,0,35,5.848551191,1,1,1,1
10,0,35,5.330517918,1,0,1,1
2,0,25,4.691613449,1,1,1,1
1,0,24,5.472783144,1,0,0,1
17,0,41,5.890657807,1,1,1,1
16,0,33,6.009329732,0,1,1,1
1,0,52,6.708537327,1,0,0,1
6,0,32,6.393451462,1,0,1,1
2,0,39,6.270266034,0,0,0,1
27,0,31,4.884194228,1,0,1,1
4,1,42,6.996987058,1,0,1,1
1,0,38,5.780139633,1,0,1,1
5,0,27,5.783502902,0,0,0,1
4,1,26,5.39126223,0,0,0,1
0,1,32,4.989071583,0,0,0,1
3,0,34,5.755013296,0,0,1,1
1,0,53,6.932400062,1,0,0,1
2,0,28,5.819537125,1,0,1,1
3,1,48,6.362288321,1,0,1,1
16,0,46,4.122796049,1,0,1,0
3,1,36,6.074881445,1,0,1,1
9,0,35,6.251850676,1,0,1,1
16,0,49,4.76752788,1,1,1,1
13,0,39,5.038879505,1,1,1,0
1,1,34,6.190423425,1,0,1,1
7,0,37,5.519606123,1,1,1,1
10,0,43,5.632860363,1,0,1,0
2,1,20,5.027084073,0,1,0,1
14,0,49,6.110794102,1,0,0,1
6,0,21,5.513012699,0,0,0,0
12,0,59,6.7700574,1,0,0,1
4,1,25,4.82136417,0,1,0,0
12,0,56,6.246221371,1,0,0,1
2,1,41,6.036613252,1,0,1,1
5,0,28,6.116104375,1,0,0,1
1,1,30,6.217882985,1,0,1,1
1,1,20,4.987206125,1,0,1,0
1,1,37,5.689587718,1,0,1,1
6,1,30,5.057425743,0,1,0,1
8,0,39,5.148733573,1,1,1,0
13,0,32,6.106328325,1,0,1,1
1,0,29,5.448094943,1,1,1,1
11,0,38,5.685914847,0,0,0,0
7,1,52,5.511067752,1,0,0,1
9,0,54,4.967777226,0,0,0,1
10,0,38,6.750519271,1,0,0,0
4,1,37,6.141748843,1,0,1,1
8,0,45,5.562491046,1,0,1,1
3,0,36,6.668009333,1,0,1,0
1,0,24,5.459302608,0,1,0,1
11,0,34,6.024056913,1,0,1,1
1,1,27,5.402520966,1,1,1,1
4,0,42,5.76793602,1,0,1,1
1,1,47,6.634342935,1,0,0,1
6,0,20,6.050610023,0,0,0,1
8,1,36,5.464699908,1,1,1,1
4,0,35,6.362505179,1,0,1,1
0,0,21,5.813896457,0,0,0,1
0,0,23,5.406749187,0,1,0,1
2,0,38,5.757920998,0,0,0,1
2,0,38,5.975511337,0,0,0,1
2,0,26,5.584610052,1,0,0,1
7,1,35,5.681834865,1,0,1,1
9,0,26,5.23393825,1,1,1,1
5,1,57,5.783668703,1,0,0,1
14,0,29,6.142351595,1,1,1,1
0,1,29,5.748863119,1,0,1,1
14,0,51,6.475811544,1,0,0,1
7,0,42,6.147840666,0,1,1,1
1,1,26,5.532027731,0,0,0,1
2,1,23,4.807906354,0,1,0,1
17,0,56,6.02186003,0,1,0,0
5,0,53,6.541119978,1,0,0,1
3,1,33,6.282824861,1,0,1,1
7,1,39,7.176774795,1,0,1,1
0,1,26,5.521114194,1,0,0,1
20,0,58,6.357020412,1,0,0,1
26,0,58,4.920395013,0,0,0,1
2,0,42,5.735507696,1,0,1,1
4,0,23,5.109502106,1,1,1,1
3,1,37,6.602796367,1,0,1,1
7,0,45,5.068980449,1,1,1,1
6,0,37,6.223142465,1,0,1,1
8,0,29,6.277973646,1,0,1,1
4,0,25,6.463177418,1,0,0,1
2,0,37,6.390512763,1,0,0,1
16,0,38,5.247616286,1,0,1,1
3,0,39,5.317974669,0,0,0,1
7,0,37,6.030315368,1,0,1,1
16,1,58,5.264443922,0,1,1,1
3,1,23,6.330711282,1,0,0,1
2,0,33,6.749539463,1,0,1,1
9,0,24,5.765926772,1,0,0,1
5,0,37,5.646608318,1,0,1,1
12,0,52,7.181849767,1,0,0,1
0,0,27,6.151835659,1,0,1,1
8,0,29,6.587420869,0,0,0,1
5,0,36,6.088387885,1,0,0,1
21,0,26,6.10988671,0,0,1,1
19,0,30,6.028531863,1,0,1,1
6,1,31,5.120224293,0,1,1,1
9,1,22,5.217486447,1,1,1,1
20,0,33,5.83000092,0,1,0,0
8,0,32,5.457398761,1,0,1,1
0,1,38,5.824155291,1,0,1,1
2,0,34,6.950665125,1,0,1,1
1,0,37,5.307943636,1,0,1,0
4,0,27,5.931506163,1,0,1,1
1,0,36,4.942062588,1,1,1,0
7,0,43,5.296769087,1,0,1,0
2,0,21,5.244598312,0,1,0,1
4,0,57,5.600380227,1,0,0,1
2,0,24,5.053559128,1,0,1,0
15,0,38,5.166300252,0,0,0,1
4,0,42,5.185461105,0,1,1,1
3,0,21,4.943452467,0,1,1,1
21,0,24,5.250072653,0,0,0,0
4,0,38,5.311011302,0,0,0,1
1,1,29,5.530289105,1,0,1,1
16,0,23,5.209440514,0,0,1,1
7,1,53,5.943365409,1,0,0,1
2,0,48,5.757369485,1,0,1,1
1,1,39,5.654824387,1,0,1,1
23,0,23,5.087873182,0,0,0,1
3,0,25,5.667937161,0,0,0,1
1,0,39,4.749356461,0,1,0,1
10,0,57,5.502954718,1,0,0,1
3,0,29,5.162232436,1,0,1,0
2,1,38,5.356027879,1,0,1,1
5,0,20,4.969044462,1,1,0,1
5,0,21,4.970488234,0,0,0,1
1,0,30,5.641780436,1,0,1,1
3,1,36,5.232418133,1,0,1,1
2,0,23,5.42566529,1,0,1,1
8,0,33,5.235942285,1,1,1,1
1,1,25,6.196027379,0,0,0,1
2,1,39,5.353572969,1,1,1,1
0,1,53,5.968435148,1,0,0,1
6,1,35,5.114628909,1,0,0,0
6,1,37,5.677288961,1,1,1,0
12,0,40,5.9268896,1,0,0,1
14,1,44,7.008544022,1,0,1,0
1,1,37,6.794221012,0,0,0,1
1,1,34,5.376267991,0,1,1,0
14,0,60,5.160256833,1,1,0,1
0,1,22,5.805285891,0,1,0,1
8,0,28,4.847251361,1,1,1,1
8,0,29,4.921332663,1,0,1,1
3,0,20,5.139985821,0,1,1,1
8,0,25,5.558649224,1,0,0,1
13,1,32,6.064993187,1,0,1,1
6,1,37,6.828707862,1,0,1,1
0,0,53,5.528209967,1,0,0,1
7,0,31,5.183987924,1,1,1,1
7,0,38,5.377231007,0,0,0,1
0,1,52,5.232846491,1,1,0,1
5,0,30,5.889094664,1,0,1,1
13,0,21,5.930173838,0,0,1,1
9,0,37,6.197425544,0,0,0,1
9,0,37,6.117354646,0,0,0,1
8,0,37,6.115465924,0,1,0,1
10,0,35,5.517218616,1,1,1,1
5,1,26,5.128416554,0,0,0,0
2,0,27,5.179692994,1,0,1,1
10,0,43,5.47154819,0,1,0,1
13,0,26,4.795340622,0,1,1,1
1,0,20,5.276438203,0,0,1,1
6,0,29,5.491525726,0,1,0,1
1,1,33,5.377791974,1,0,1,1
9,1,55,5.518676574,1,0,0,1
4,1,23,5.96902118,0,0,0,1
4,0,41,6.460783371,1,0,1,1
1,1,37,5.343765121,1,0,1,1
7,0,44,5.767900575,1,1,1,0
5,1,25,5.650642952,0,1,0,1
7,1,42,6.007559,0,0,0,1
2,0,24,6.066330569,1,0,0,1
17,1,59,5.46452734,1,0,0,1
8,0,28,6.157493956,1,0,0,1
1,0,20,5.666719339,1,0,1,1
0,0,27,5.254032255,0,0,0,1
4,0,35,5.617397333,1,0,1,1
6,0,28,5.616490086,1,1,1,1
15,0,40,6.093278611,1,0,1,1
3,0,20,5.671842626,0,0,0,1
4,0,31,5.388553727,1,0,1,1
7,0,44,6.161630279,1,1,1,1
1,1,26,6.088141485,0,0,0,1
2,0,44,5.39830487,1,0,1,1
3,0,45,5.675667049,1,0,1,1
3,0,43,6.056033832,1,0,1,1
6,0,43,5.543658769,1,1,1,1
1,0,22,4.986970323,0,0,0,1
2,0,22,4.236526307,0,1,0,0
4,1,30,5.307416133,0,0,0,0
4,0,40,5.053394635,0,0,0,1
2,0,22,5.134053777,0,0,0,1
0,1,46,4.879235427,1,1,0,1
4,0,47,5.920855961,1,0,0,0
8,0,54,5.355251632,0,1,0,0
2,1,33,6.642888371,1,0,1,1
2,0,22,5.81218297,0,0,0,1
5,0,59,5.688494661,1,1,0,1
4,1,27,5.184334428,0,0,0,1
14,0,27,5.64657868,1,1,1,1
4,0,22,5.287381491,1,1,0,1
1,0,21,5.70030894,1,0,1,1
2,0,21,5.979639617,0,0,0,1
2,0,35,5.197954643,1,0,1,1
3,1,44,6.15391891,1,0,0,1
2,0,41,6.202575717,1,0,1,1
1,1,43,6.064091268,1,0,1,1
9,0,55,6.954863254,0,0,0,1
1,0,27,6.318337345,1,0,1,1
2,1,32,6.990019066,0,0,0,1
2,0,42,6.867097616,1,0,0,1
7,0,21,5.720576923,0,0,0,1
16,0,32,5.328012841,1,0,1,1
6,0,23,5.716731025,0,0,0,1
4,1,35,5.852818161,1,0,1,1
15,0,29,5.134581551,1,1,1,1
5,0,23,5.651656747,0,0,0,1
16,1,32,7.109835983,1,0,1,1
1,0,23,5.046250224,0,1,0,1
1,1,42,5.857623918,0,0,0,1
13,0,30,6.656827286,1,0,1,1
2,0,22,5.565793033,0,1,0,1
4,0,43,5.740742331,1,0,1,1
7,0,21,4.878070484,0,1,0,1
5,0,20,5.776055077,1,1,0,1
2,1,35,6.481267472,1,0,1,1
1,0,20,3.262268002,0,1,0,1
13,1,61,6.089125688,0,1,0,1
13,1,30,5.50333764,0,1,0,0
10,0,33,5.105697244,1,0,0,1
6,1,36,5.603270765,1,0,1,1
27,0,35,5.244565159,1,0,1,1
4,0,55,5.160723826,1,0,0,1
5,0,49,4.781973989,0,1,0,1
9,0,24,4.666261141,0,1,1,1
3,0,38,5.214105977,1,0,1,1
5,0,36,4.861901302,0,1,1,0
10,0,24,4.810358939,0,0,1,1
4,0,31,4.92264813,0,0,0,1
0,1,25,6.45125502,0,0,0,1
1,1,24,5.956300481,1,0,0,1
5,0,22,5.033621322,0,1,0,1
2,0,45,5.447835042,1,0,1,0
4,1,37,5.047790426,1,1,1,1
2,0,47,5.614894154,1,0,0,1
3,1,34,4.686352523,1,1,1,1
2,0,25,5.87651915,0,0,0,1
4,1,32,6.178327591,1,0,0,1
9,0,37,4.730234309,1,1,1,1
0,1,25,5.822496732,1,0,1,0
0,1,31,6.382753141,0,1,0,1
7,0,23,5.887336642,0,1,1,1
7,0,30,5.135549281,0,0,1,0
4,0,36,5.965233367,0,0,1,1
2,1,41,5.965789828,1,1,0,1
1,1,32,6.187013014,1,0,1,1
4,0,53,6.286512474,0,0,0,1
9,0,41,5.786861088,1,1,1,1
4,1,38,6.031308816,1,1,0,1
2,0,47,5.912427818,1,0,0,1
2,0,44,4.644232593,1,1,0,1
1,1,27,5.523079278,1,0,0,1
23,0,21,4.832726368,1,0,0,1
8,1,29,5.348042,1,1,1,1
6,0,25,5.398378985,1,0,1,0
8,1,21,5.855385849,0,1,0,1
5,0,54,4.98354682,0,1,0,1
5,0,20,5.062398915,0,0,0,1
4,0,35,5.427711406,1,0,1,1
4,0,26,5.712929568,0,1,0,1
6,1,31,5.872128509,0,1,0,1
3,0,33,6.300444094,1,0,1,1
16,0,37,6.145108514,1,0,1,1
1,1,23,5.746208304,0,1,0,1
3,0,21,6.516612084,0,0,0,0
2,0,28,6.151379374,0,1,1,0
12,0,51,6.006217786,1,0,1,1
2,1,39,6.720500914,1,0,1,1
14,1,30,5.28043165,1,1,1,1
5,1,38,6.094759818,1,1,1,1
12,0,30,5.433195228,1,0,1,1
19,0,43,5.990655144,1,1,1,1
1,1,29,5.303445628,1,1,1,1
1,1,30,6.343004986,1,1,0,1
1,0,24,4.63643531,0,1,0,1
2,1,33,6.31661063,1,0,1,1
3,0,36,5.601123674,0,0,1,0
24,0,46,4.881114013,1,1,0,1
3,0,32,5.741114769,0,0,0,1
1,1,36,6.829495149,1,0,1,1
4,0,44,5.341044752,1,1,1,0
4,1,35,6.222675988,1,1,0,1
4,0,23,4.847313973,0,1,0,1
1,0,50,4.877835623,0,1,0,1
2,0,22,5.209188279,0,0,1,1
9,1,35,5.46015239,0,0,0,1
3,1,28,5.021082789,1,0,1,1
1,1,50,5.886448656,0,1,0,1
2,0,29,5.254093275,0,0,0,1
26,0,61,5.666251055,0,1,0,0
2,0,31,5.126534095,0,1,1,0
3,0,41,6.290497617,1,0,1,1
5,0,26,5.72096462,0,0,0,1
1,0,30,5.127356645,0,0,1,1
1,1,29,5.395175632,1,0,1,1
4,0,26,5.976068239,1,1,1,1
3,0,47,6.09740787,1,0,0,1
2,0,24,5.517670078,0,0,0,1
2,1,29,5.912732584,1,0,0,1
7,0,35,5.723675077,0,1,0,1
5,0,44,6.684698567,1,0,1,1
3,0,41,6.228483428,1,0,0,1
2,0,31,6.011355709,0,1,0,1
11,0,48,5.927436041,1,0,1,1
11,0,21,5.11024768,0,0,0,1
13,0,37,6.38609652,0,0,0,1
1,1,40,6.300182437,1,0,1,1
15,0,53,5.393472389,1,1,0,1
3,1,26,5.855815977,1,0,1,1
6,0,41,6.38309124,1,1,1,0
4,0,36,4.675560302,0,0,0,1
2,1,53,6.648067364,1,0,0,1
1,1,49,6.494203635,1,0,1,1
3,0,34,5.053521348,0,1,0,0
3,0,35,5.969596856,0,1,1,0
2,0,58,6.570461079,1,0,0,1
17,1,31,6.848051321,1,0,1,1
0,1,42,5.845833248,1,1,1,1
1,0,23,5.739803926,1,0,1,1
3,1,40,6.101020813,1,1,1,1
15,0,27,5.131406984,0,0,0,0
2,1,41,5.961132318,1,0,1,1
0,1,40,5.697757537,1,0,1,1
11,0,47,5.45703623,1,0,1,1
2,0,49,6.563768623,1,0,0,1
10,0,51,5.279866912,1,0,0,1
12,0,61,6.174447381,1,0,0,1
2,0,61,6.21531196,1,0,0,1
7,0,61,5.053081039,1,0,0,1
4,1,23,5.546015211,0,0,0,0
1,0,28,4.86967248,1,1,1,1
6,0,39,4.699255576,1,0,1,1
0,0,31,6.19589406,0,0,0,1
3,0,49,5.673663853,1,1,0,0
8,0,56,6.418497464,0,0,0,1
2,1,27,5.93402202,1,1,1,1
1,1,31,5.418675676,1,0,1,1
4,0,35,5.88682239,1,1,1,1
3,0,44,5.813441018,1,0,1,0
3,0,24,6.520053037,1,0,1,1
13,1,20,4.792424307,1,1,1,1
5,1,41,6.75864034,1,0,1,1
2,0,20,4.983856528,0,1,0,1
10,1,50,6.266768207,1,0,1,1
14,0,43,6.317269175,1,0,1,0
1,1,27,6.246394256,0,0,0,1
7,0,31,6.572913017,0,0,0,1
1,0,23,5.757487788,0,1,0,1
12,0,37,6.238045657,1,1,1,0
1,1,35,6.610040411,1,0,1,1
2,1,36,6.00287204,1,0,1,1
6,0,30,5.409089489,1,1,1,1
13,0,50,5.688186017,1,0,0,1
6,0,38,5.579295047,0,0,0,1
7,0,35,6.50026606,0,1,1,0
1,1,49,4.748287031,0,0,0,1
17,0,41,6.305578369,1,0,1,1
5,0,20,5.371476726,0,0,1,1
10,0,32,6.383890443,1,0,1,1
9,0,22,5.441200917,1,0,0,1
13,0,38,6.065374025,1,0,1,1
1,0,23,4.497227094,0,1,0,1
1,1,29,5.587913139,0,1,0,1
1,1,21,5.566403046,1,1,0,1
1,1,35,5.708727163,0,1,1,1
3,0,26,6.501596402,0,0,0,1
16,0,47,6.457610182,0,1,0,1
0,0,21,5.077692134,0,0,0,0
11,0,39,6.114073969,0,0,0,0
13,0,30,6.462513954,1,0,1,1
7,0,25,5.382088384,0,1,0,1
3,0,27,5.680577061,1,1,1,1
15,1,37,7.314685923,1,0,0,1
1,1,48,6.730831349,1,0,1,1
3,0,25,6.462498272,1,0,0,1
3,0,24,5.351763436,1,0,1,1
2,1,40,5.888503242,1,0,0,1
3,0,49,5.922214386,1,1,0,1
4,0,32,5.361057785,1,0,1,1
4,1,34,6.109830429,1,0,1,1
11,0,38,5.013170303,1,1,1,1
5,1,25,5.905110484,1,0,1,1
12,1,31,5.692570365,1,0,0,1
11,0,32,6.717454772,1,0,1,1
1,1,45,6.198850305,0,0,0,1
4,0,34,5.621342762,1,1,1,1
3,0,32,5.838158894,1,0,1,1
1,1,36,6.029052805,1,0,0,1
6,0,34,5.637576105,1,1,0,1
0,1,43,5.283376734,1,0,1,1
8,0,40,6.144775234,1,0,1,0
3,1,20,5.564819674,1,0,0,1
27,0,21,4.305545575,0,1,0,0
5,0,37,6.016740458,1,0,1,1
9,1,27,6.163646312,1,0,0,1
8,0,42,6.99934279,1,0,1,1
3,0,47,6.196227407,1,0,1,1
0,1,26,5.016606131,0,0,1,1
3,0,27,5.578415897,1,0,1,1
0,0,52,6.318104176,1,0,0,1
11,0,47,6.014833269,1,1,1,1
3,1,47,6.501999539,1,0,0,1
2,0,40,6.109652983,1,0,1,1
11,0,46,5.093497526,0,1,0,1
3,0,21,5.714299743,1,0,1,1
10,1,24,5.830915564,0,0,0,1
26,0,49,5.07577069,1,0,0,1
5,0,22,4.794081619,0,0,0,0
1,1,31,5.726379615,1,0,1,1
13,0,27,5.397937577,1,0,1,1
9,0,41,5.552562965,1,0,1,1
3,0,22,4.979525932,1,1,0,1
4,0,47,5.392514714,1,0,1,1
3,1,61,4.905961725,1,1,0,1
3,1,43,5.714529996,1,0,1,1
12,1,40,4.889066112,1,1,1,1
3,0,48,4.929279136,1,0,0,1
2,0,50,6.426212738,1,0,0,1
5,0,41,6.193397441,1,0,1,1
2,1,34,5.714442529,1,0,1,1
0,1,34,6.104471092,1,0,0,1
2,1,43,5.838616004,1,1,1,1
2,1,37,6.02184785,1,1,1,1
1,1,32,5.509850037,0,0,1,0
1,0,23,5.096397271,0,0,0,1
1,0,32,5.149285471,0,0,0,1
10,0,56,4.804924734,0,0,0,0
1,0,35,5.015117012,1,1,1,1
2,0,33,3.63096742,0,0,0,1
2,0,30,4.849073602,0,1,1,0
0,1,46,6.137125223,1,1,0,1
4,1,51,7.425942189,0,0,0,1
2,1,23,5.605476712,0,1,0,1
2,0,50,5.814312614,0,1,0,1
5,1,32,5.997025765,0,0,0,1
0,0,37,5.308148479,1,1,1,1
7,0,48,5.250171279,1,1,0,1
1,0,29,5.765454875,1,0,1,1
0,1,25,6.600221673,1,0,1,1
7,1,30,6.383735048,1,1,1,1
0,1,31,6.223482785,0,1,0,1
1,0,38,5.131441751,0,1,1,0
4,1,48,5.107304102,0,0,0,1
11,0,37,4.997711869,0,0,0,1
4,0,45,5.290516113,1,0,1,1
14,1,32,6.026332737,0,0,0,1
2,0,21,5.172897944,0,1,0,0
0,0,24,5.508575547,0,0,0,1
11,1,22,5.51515487,1,0,1,1
18,1,29,5.592085755,0,0,0,1
6,1,21,5.012653928,0,0,0,1
0,1,53,5.838944546,1,1,0,1
4,0,29,5.879535645,0,0,0,1
2,0,27,5.579475578,1,0,0,1
10,1,54,6.284983836,1,1,0,1
2,1,30,5.535970718,1,0,1,1
1,1,41,6.06541655,0,0,0,1
1,0,23,5.76392811,0,0,0,1
0,0,23,5.335744298,0,0,0,1
7,0,55,6.06396747,0,0,0,1
4,1,35,6.508719747,0,0,0,1
1,0,48,5.431254065,1,0,1,0
1,0,34,4.050434621,0,1,0,1
0,0,57,5.389868959,0,1,0,1
2,1,55,5.744295288,1,0,0,1
4,1,28,5.367909429,0,0,0,1
0,1,32,5.671164749,0,1,1,1
1,0,56,5.399374322,0,0,0,1
6,0,39,5.815591689,1,0,0,1
1,0,44,4.487413689,1,1,1,1
2,1,48,5.840580302,0,0,0,1
0,1,47,7.052292036,0,1,0,1
16,0,52,5.527346661,0,1,0,0
6,0,52,6.664772097,1,0,0,1
1,0,53,6.254515571,1,0,0,1
5,1,25,5.590255551,0,0,0,1
13,0,52,5.608945642,1,0,0,1
1,1,35,6.03164682,1,0,1,1
1,1,43,5.635616518,1,1,1,1
1,0,34,5.702721459,1,0,1,1
3,1,43,5.410782985,1,0,1,1
3,1,42,6.03581882,1,0,1,1
1,1,30,5.630367824,0,1,0,1
1,0,25,5.488037911,0,0,0,0
10,0,22,5.107304669,0,1,0,0
3,0,39,5.679758416,0,0,0,1
4,1,60,5.595233552,1,1,0,1
4,0,50,6.296310358,1,0,0,0
3,1,34,6.153936777,1,1,1,1
0,1,32,6.190450979,1,0,0,0
4,1,40,6.502345895,1,0,1,1
2,0,32,5.611911764,1,1,0,1
1,0,31,7.309521538,1,0,1,1
1,0,23,5.188652538,0,0,0,1
0,1,46,6.399891257,1,0,1,1
3,0,43,6.114959278,0,0,0,1
4,0,52,5.231343391,0,0,0,1
2,0,36,4.988399951,1,1,1,1
5,0,31,5.840184724,0,0,0,1
6,1,30,5.223611096,0,1,0,1
16,0,25,5.679578461,0,0,0,1
5,0,55,5.891484385,1,0,0,1
0,0,24,5.728595892,1,0,0,1
4,0,26,5.575055981,0,0,1,0
2,1,22,5.709735976,0,0,0,1
1,1,20,5.109187639,1,0,1,1
1,1,54,5.981138887,1,0,0,1
14,1,45,5.922751163,1,0,1,1
1,1,30,6.082733467,0,0,0,1
9,1,46,6.279085683,1,1,0,1
2,0,46,4.823053608,0,1,0,1
1,0,23,5.518079579,0,1,1,1
1,1,28,5.715093776,1,0,1,1
1,1,34,5.620737935,0,1,0,1
2,1,33,5.020030769,1,0,1,1
4,0,31,5.95096792,0,0,0,1
2,1,25,5.097869929,1,1,1,1
2,0,44,5.372414712,0,1,0,0
6,0,45,5.552512095,1,1,1,1
7,1,33,6.195637361,1,1,1,1
0,0,53,6.270531574,1,1,0,1
2,0,37,6.620605851,1,0,0,1
3,0,43,4.932293846,1,1,0,0
3,0,32,5.382682859,1,1,1,1
5,0,37,5.220897766,1,0,1,0
4,0,26,5.218286942,0,1,1,0
14,0,43,5.555711419,1,0,0,1
3,0,27,5.666442052,1,0,0,1
16,1,28,5.085042738,1,0,1,1
0,1,22,5.147051349,0,0,0,1
0,0,21,5.425247167,1,1,0,0
2,0,28,5.04346025,1,0,1,0
5,1,24,4.512790467,1,1,1,0
6,0,26,4.989663484,1,1,1,0
4,0,58,4.619663022,0,1,1,0
3,0,36,5.268107032,0,0,0,1
1,0,46,5.980906063,1,0,1,1
3,0,53,6.263768074,1,0,1,1
4,0,42,5.98369552,1,0,0,1
5,1,26,5.920983857,1,1,0,1
2,0,24,5.609232081,0,0,0,1
0,1,44,5.984605114,1,1,1,1
15,1,54,5.62224132,0,1,0,1
5,1,34,5.848881716,1,0,1,1
3,0,32,5.424027556,0,1,1,1
1,1,41,5.620052682,1,0,1,1
0,1,31,5.963371627,1,0,1,1
3,0,34,6.230063524,1,0,1,1
3,0,41,5.227977386,1,0,1,0
2,1,40,6.32020645,0,1,0,1
6,0,46,6.862943407,1,0,0,1
2,0,27,5.369367444,1,1,1,1
5,0,26,6.394809301,0,1,0,1
0,0,45,5.457904726,1,0,0,1
18,1,40,4.867064092,1,1,1,1
9,0,58,5.790584581,0,0,0,1
10,0,29,5.973234955,1,0,1,1
11,0,57,4.985236527,0,1,0,1
6,0,53,6.407119897,1,0,1,0
2,1,50,6.303715533,1,1,0,1
3,1,42,5.952257907,1,0,0,1
4,0,39,6.216981148,0,0,0,1
1,0,35,5.611923231,0,1,0,1
14,0,59,5.598635284,1,1,0,1
6,0,32,5.553078482,0,1,1,1
3,0,24,5.723317654,0,1,0,1
4,0,22,5.407532195,1,1,1,1
3,0,56,6.381276806,1,0,0,1
5,0,32,6.463147965,0,1,0,1
1,0,28,5.227120093,1,1,0,1
5,0,23,5.497786885,0,0,0,1
2,0,51,5.473758336,1,0,0,1
10,0,44,6.283235039,1,0,1,1
3,0,20,5.356414228,0,0,1,1
10,0,27,5.307445668,0,1,1,0
2,1,22,5.671917192,0,0,0,1
2,0,21,5.509075546,0,0,0,1
0,1,25,5.558543665,0,0,0,1
4,1,28,5.733755286,0,1,0,1
13,0,26,5.770243013,1,0,0,1
4,0,35,5.913676598,1,0,1,0
9,0,48,4.84621122,0,1,0,0
0,0,27,6.183550258,1,0,0,1
7,1,24,5.816312119,0,0,0,1
2,1,27,5.765643703,0,0,0,1
13,0,21,4.74837557,0,1,0,0
1,1,28,5.610177589,0,1,0,1
2,0,26,6.118365161,0,0,0,1
4,0,30,5.533930841,0,0,0,0
2,0,28,5.735899437,0,1,0,1
6,1,32,6.150863224,0,0,0,0
2,0,26,5.285669823,0,0,1,0
5,0,25,4.901096188,0,0,0,0
2,1,23,5.528218242,0,1,0,0
16,0,41,5.457279974,0,1,1,1
5,1,40,4.604501751,1,1,1,1
2,1,33,5.581928089,1,0,1,1
16,0,32,4.804223678,0,1,0,0
4,0,59,6.025687629,1,0,0,1
1,1,30,5.93428256,0,0,0,1
1,1,22,5.669554696,0,1,0,1
5,1,25,5.938523835,0,0,0,1
1,0,28,5.861087179,1,0,1,1
4,1,50,5.612916222,0,1,1,1
1,1,39,5.551493514,1,0,1,0
1,1,28,6.191477256,1,0,1,1
1,0,25,4.929486889,1,1,1,1
14,0,57,5.846951836,0,1,0,1
1,0,27,5.097122456,0,1,1,0
1,0,40,6.376487151,1,0,1,1
1,1,29,5.231148758,1,0,1,1
3,0,27,5.445449258,0,0,0,0
8,0,55,6.027212188,0,1,0,1
3,0,25,5.206646299,0,0,0,1
7,1,28,5.393965739,0,0,0,1
1,0,24,5.679110903,1,0,0,1
0,1,55,6.043089992,1,1,0,1
2,0,27,7.567879036,0,0,0,1
4,0,48,5.873833274,0,1,0,1
0,1,33,5.920061092,1,1,1,1
6,1,23,5.375804617,0,1,0,1
8,0,42,6.915900569,1,0,0,1
2,1,36,6.04825517,1,0,1,1
1,0,44,5.659740236,1,1,1,1
4,0,23,5.065720956,1,0,1,1
8,0,33,5.986312154,1,0,0,0
1,1,28,5.943893191,0,0,0,1
3,0,32,5.210905328,0,0,0,1
8,0,32,6.020558903,0,1,0,1
3,0,39,5.462587202,1,1,0,1
8,0,39,6.232200281,1,0,1,1
3,1,42,5.894048533,1,0,1,0
2,0,25,4.978241572,0,0,0,0
6,0,39,5.326894239,1,1,1,0
2,1,41,6.53189624,0,0,0,1
4,0,29,6.371627287,1,1,1,1
1,1,40,6.541465304,1,0,1,0
1,0,29,5.51832417,1,0,1,1
24,0,49,5.995442847,1,0,0,1
0,0,55,5.080126376,0,1,0,1
7,0,24,5.223627225,1,0,1,1
2,0,45,5.268609727,1,1,0,1
4,0,30,5.183307853,0,1,1,0
15,0,58,5.960028587,1,1,0,1
0,0,35,5.694813512,0,0,0,1
11,1,41,5.587464368,1,1,1,1
9,0,24,5.332459238,1,0,0,1
9,1,38,6.072746323,1,0,1,1
3,0,50,6.345509234,1,0,0,1
3,0,54,5.328141384,0,1,0,1
3,0,59,6.655870188,1,0,0,1
0,1,23,5.086350833,0,1,0,1
2,0,35,5.553426913,0,0,0,1
2,0,35,4.908339759,1,1,1,1
3,0,21,6.508461935,0,0,1,1
6,0,23,5.123792213,1,0,0,1
5,0,46,6.290045555,1,0,1,1
2,0,32,5.426338581,0,1,1,0
5,0,24,5.211675573,1,0,1,0
3,1,23,5.153976731,0,1,1,1
6,0,30,4.768725447,0,0,0,0
2,0,22,4.999408051,1,0,0,1
0,1,41,5.770037977,1,0,1,1
3,0,33,5.086698585,1,1,1,0
1,0,47,5.152138922,0,0,0,0
3,0,25,6.197329156,1,0,0,1
1,1,42,5.443841,1,0,1,0
4,0,54,6.143891207,0,0,0,1
2,0,27,6.23516103,0,0,0,1
4,1,24,5.550684497,1,1,0,1
10,0,44,6.31576501,0,0,0,1
2,1,20,5.256935959,0,0,0,1
1,0,59,5.914721448,0,0,0,1
12,0,31,5.567226488,1,1,1,1
3,0,35,5.886319808,1,1,0,1
2,0,27,5.12153961,0,1,0,0
1,1,61,6.003373048,1,0,0,1
26,0,43,4.725336822,0,1,1,0
14,0,33,5.577390928,1,0,1,0
16,0,49,5.615772974,1,1,1,1
20,0,22,5.659306258,1,0,1,0
14,0,26,5.813750149,0,0,0,0
0,0,35,5.198013236,1,0,1,0
1,0,45,5.886020928,1,0,1,1
0,1,31,5.367446958,1,0,1,1
4,0,54,5.859243598,1,0,0,1
3,0,34,5.276087305,0,1,1,0
2,0,40,4.770268721,0,1,1,0
2,1,48,5.103244132,1,1,0,0
2,0,40,5.575772035,1,0,1,1
14,1,42,5.083936901,1,0,1,1
5,1,30,6.269256276,1,1,0,1
2,0,40,6.547340569,1,0,1,1
9,0,60,6.120852099,0,1,0,1
3,0,23,4.623191499,1,1,1,0
17,1,24,5.891509542,1,0,1,1
1,1,26,5.182864611,1,0,1,1
4,1,24,5.36789191,0,1,1,0
14,0,38,6.047468734,1,1,0,1
8,1,25,5.586892189,1,1,1,1
1,0,59,6.21809614,1,0,0,0
2,0,27,5.706861556,1,0,1,1
2,1,37,5.977861542,0,1,1,1
15,0,25,5.229090094,1,1,0,1
0,1,31,5.805340634,1,0,1,1
0,0,29,4.538077306,0,1,0,0
7,1,29,5.444721388,0,0,0,1
1,1,52,6.083249703,1,0,0,1
3,0,42,5.976735553,1,0,1,1
2,1,51,5.650693296,0,1,0,1
4,0,32,6.215821287,1,0,1,1
14,0,52,6.505245732,0,1,0,1
20,0,40,5.433489441,1,1,1,1
6,1,20,5.569070868,0,1,0,1
1,1,35,5.758620931,1,0,1,1
1,1,47,5.486670125,1,1,1,1
2,0,27,5.253930571,0,1,0,1
5,0,37,4.400717401,0,0,0,1
4,1,35,5.741897446,1,0,1,1
5,0,58,5.125681881,1,0,1,1
0,1,43,5.320717277,1,1,1,1
4,0,38,6.456778964,1,1,0,1
4,0,31,5.502272033,1,1,1,1
2,0,24,5.208615891,1,0,1,1
26,0,58,5.802326975,1,0,0,1
3,1,54,6.195762251,1,0,0,1
1,0,31,6.390757087,1,0,1,1
1,0,26,6.213602129,1,0,0,1
4,0,24,6.365580223,0,0,0,1
1,0,33,5.407705802,1,0,1,1
1,0,30,5.542450277,1,1,0,1
1,1,28,5.127750254,1,1,1,1
5,0,58,6.526177892,1,0,0,1
1,0,50,6.746977517,1,0,0,1
1,1,53,6.491284169,0,0,0,1
13,1,37,5.903928799,1,0,1,1
3,0,25,5.053715253,1,0,1,1
6,1,28,5.955033748,1,0,1,1
3,0,39,6.068185174,1,0,1,1
2,1,29,6.460195924,1,0,1,1
6,0,29,6.298836991,1,0,1,1
7,1,33,6.440313508,1,0,1,1
5,1,27,6.067288902,1,1,1,1
1,1,29,6.32484013,0,1,0,1
2,0,27,5.541663589,0,0,0,1
2,0,27,5.809640368,1,0,1,1
0,1,39,6.313454392,0,1,0,1
3,0,51,6.043317019,1,0,1,1
1,1,34,6.575287191,1,0,1,1
2,1,22,5.784417159,0,0,0,1
9,0,21,4.864681763,1,1,0,1
7,0,34,5.717753752,1,0,1,1
4,0,42,6.169287456,1,0,1,1
11,0,44,5.671752333,1,1,1,1
1,1,61,6.124846387,1,0,0,1
1,0,31,5.801350719,1,0,1,1
1,1,48,6.209918771,1,0,0,1
2,0,23,5.063093357,0,1,0,1
2,0,28,5.633013161,1,0,1,1
27,0,33,6.393943977,0,0,0,1
7,0,21,5.034940115,0,1,1,1
1,1,39,5.494598273,1,1,1,1
20,0,42,5.335325509,1,0,1,0
2,1,24,5.949904831,1,0,1,1
25,1,23,4.843463986,0,1,1,0
7,0,36,5.121219734,0,0,0,1
9,1,53,5.109308046,0,1,0,1
12,0,20,5.768337318,1,0,0,0
1,1,24,5.782353781,0,0,0,1
9,0,32,5.732861654,1,1,1,1
1,0,27,4.906427263,0,1,1,0
5,1,21,5.260724266,0,1,0,1
5,0,47,5.876430666,0,0,0,1
0,1,29,5.601394515,1,0,1,1
9,0,28,5.358588439,1,0,0,1
1,1,27,5.736870878,1,0,0,1
6,1,20,5.31688407,0,0,1,1
3,1,33,6.768069982,1,0,1,1
3,0,20,5.311571515,0,0,1,0
4,0,36,5.609528813,1,0,1,1
1,0,43,5.462427003,0,0,1,1
1,1,23,6.106413559,1,1,0,1
27,0,31,5.570017171,1,0,1,1
14,1,25,4.426722789,1,0,1,1
2,1,40,6.067069536,1,0,0,0
1,1,44,6.770854907,1,0,1,1
1,0,29,6.537047592,0,1,0,1
1,0,48,5.883475294,1,0,1,1
0,1,42,6.583971152,1,0,1,1
1,1,26,5.452469639,1,0,1,1
2,0,39,5.769570434,0,1,0,1
2,1,44,5.894796889,0,0,0,1
6,0,44,5.803186481,0,0,1,1
2,1,28,5.912724744,1,0,1,1
5,0,28,4.427250835,1,1,1,0
7,0,21,5.102555649,0,0,1,1
10,1,52,6.253908932,1,0,0,1
2,0,22,4.936513535,0,1,1,0
1,0,22,4.596997304,0,1,0,0
4,0,20,5.355939789,0,0,0,1
2,1,25,5.332200472,0,1,0,1
12,0,56,4.988005999,0,0,0,1
3,1,31,5.610323161,1,1,1,1
1,1,42,5.8766854,1,0,1,1
3,0,25,5.795730209,1,0,1,1
6,0,56,5.586945084,1,0,0,1
5,0,49,5.532551364,1,1,0,1
10,0,36,6.320995193,1,0,1,1
5,1,21,5.162342264,1,0,1,1
1,0,23,5.364224092,1,1,1,1
5,0,39,6.487180566,1,0,1,1
6,0,35,5.408907163,1,1,1,1
16,0,32,6.210988999,1,0,0,1
6,0,32,5.108076707,1,1,1,1
9,0,32,6.329828856,0,0,0,1
17,0,29,5.553491036,1,1,0,1
0,1,28,5.061337582,1,0,1,1
2,0,48,6.232317395,1,0,1,1
2,0,34,5.97299857,1,0,1,1
2,1,57,5.004698753,0,1,0,1
4,0,47,5.856173856,1,0,0,1
10,1,43,5.665059441,0,1,1,1
16,1,29,6.135091549,1,0,1,1
2,0,33,5.443862899,1,1,1,1
2,0,40,5.718755575,1,0,1,1
4,0,31,5.5505876,0,1,0,1
3,1,35,5.682988443,1,0,1,1
10,0,28,5.343144302,1,0,1,1
2,0,30,6.022095953,1,0,1,1
1,0,35,6.302715988,1,0,1,1
3,1,29,5.552530896,1,0,1,1
16,0,45,6.083477303,1,0,1,1
3,1,24,6.206474955,0,0,0,1
13,0,36,6.463055574,1,0,1,0
6,0,43,6.410805849,1,0,0,1
1,0,23,4.821508656,1,1,1,1
13,0,34,6.135526361,1,0,1,1
2,0,26,5.158583276,0,1,0,1
8,1,20,6.216037257,0,0,0,1
4,1,33,4.995792275,1,1,1,1
9,0,31,6.280661086,1,0,0,1
13,0,36,5.983179594,1,0,1,1
0,0,34,6.184888262,1,0,1,0
6,0,32,6.412587275,1,0,1,0
0,1,35,5.834563938,0,1,0,1
1,0,28,5.394517467,0,0,0,1
11,0,24,5.599754535,0,0,0,1
1,0,45,5.886905799,0,0,0,1
2,0,32,5.115362632,0,0,0,1
5,0,35,4.825233609,0,1,1,1
0,1,26,5.777010415,1,0,0,1
2,0,37,4.857594452,0,1,0,1
1,0,25,6.113903128,0,0,0,1
1,0,22,5.086433302,0,0,1,0
1,1,27,6.193912114,1,0,1,1
6,0,26,5.798152772,1,0,1,1
1,1,22,5.622666444,1,1,0,1
0,0,33,5.707699023,1,0,1,1
1,0,20,5.222563355,0,0,0,1
1,0,33,5.569174088,1,0,1,1
16,1,27,5.66373628,1,1,0,1
1,0,26,4.97127057,1,0,1,1
9,0,51,5.678201502,1,0,0,0
1,1,32,6.239471989,1,0,1,0
3,1,43,5.117416343,1,0,0,1
3,0,42,6.283181421,1,0,1,1
1,1,28,5.618907384,1,0,1,1
7,1,43,5.830676842,0,0,0,1
1,0,22,5.22281009,1,1,1,1
2,1,27,5.859500752,1,0,1,1
2,0,23,5.189389315,0,0,0,1
2,0,29,6.142896747,1,0,1,1
1,1,58,5.775773427,1,1,0,1
5,0,23,5.008667123,1,1,0,1
1,0,21,5.292182772,1,0,1,1
3,0,27,6.079587043,1,0,1,1
10,0,51,4.427569436,1,0,1,1
3,0,28,6.076042289,0,0,0,1
6,0,36,5.185303613,1,0,1,1
21,0,39,5.855332246,1,0,1,1
2,0,39,4.439255361,0,1,1,1
0,0,27,5.290144548,1,1,1,1
7,0,25,5.813478413,0,1,0,1
1,0,27,5.343819363,0,0,0,1
2,0,47,5.679169037,1,1,1,1
3,0,35,5.87570841,0,1,1,1
2,0,33,6.080662487,0,0,0,1
1,1,38,5.583758194,1,0,1,1
3,1,31,6.836141919,0,0,0,1
2,0,44,5.913965504,1,0,0,1
3,0,37,5.963567007,0,1,0,1
9,0,20,5.540137435,0,0,1,1
2,0,43,5.842229599,1,0,0,1
0,0,29,5.332250271,0,0,0,1
5,0,34,6.37848131,1,0,1,1
1,1,49,6.005418461,1,0,0,1
9,0,27,6.163731589,1,0,1,1
3,0,45,5.244361136,1,1,1,1
3,0,23,4.803271585,1,1,1,1
13,0,28,5.094639579,1,1,1,1
2,0,46,6.292828386,1,0,0,1
